 1.04166700e-05  0.00000000e+00  1.04166700e-05  0.00000000e+00  1.04166700e-05  0.00000000e+00  1.04166700e-05  8.15965642e-03 
 2.08333400e-05  0.00000000e+00  2.08333400e-05  0.00000000e+00  2.08333400e-05  0.00000000e+00  2.08333400e-05  8.15965642e-03 
 4.16666800e-05  0.00000000e+00  4.16666800e-05  0.00000000e+00  4.16666800e-05  0.00000000e+00  4.16666800e-05  8.15965642e-03 
 8.33333600e-05  0.00000000e+00  8.33333600e-05  0.00000000e+00  8.33333600e-05  0.00000000e+00  8.33333600e-05  8.15965642e-03 
 1.66666720e-04  0.00000000e+00  1.66666720e-04  0.00000000e+00  1.66666720e-04  0.00000000e+00  1.66666720e-04  8.15965642e-03 
 3.33333440e-04  0.00000000e+00  3.33333440e-04  0.00000000e+00  3.33333440e-04  0.00000000e+00  3.33333440e-04  8.15965642e-03 
 6.66666880e-04  0.00000000e+00  6.66666880e-04  0.00000000e+00  6.66666880e-04  0.00000000e+00  6.66666880e-04  8.15965642e-03 
 1.04166700e-03  0.00000000e+00  1.04166700e-03  0.00000000e+00  1.04166700e-03  0.00000000e+00  1.04166700e-03  8.15965642e-03 
 1.10833369e-03  0.00000000e+00  1.10833369e-03  0.00000000e+00  1.10833369e-03  0.00000000e+00  1.10833369e-03  8.15965642e-03 
 1.24166706e-03  0.00000000e+00  1.24166706e-03  0.00000000e+00  1.24166706e-03  0.00000000e+00  1.24166706e-03  8.15965642e-03 
 1.50833382e-03  0.00000000e+00  1.50833382e-03  0.00000000e+00  1.50833382e-03  0.00000000e+00  1.50833382e-03  8.15965642e-03 
 2.04166732e-03  0.00000000e+00  2.04166732e-03  0.00000000e+00  2.04166732e-03  0.00000000e+00  2.04166732e-03  8.15965642e-03 
 3.10833433e-03  0.00000000e+00  3.10833433e-03  0.00000000e+00  3.10833433e-03  0.00000000e+00  3.10833433e-03  8.15965642e-03 
 5.24166834e-03  0.00000000e+00  5.24166834e-03  0.00000000e+00  5.24166834e-03  0.00000000e+00  5.24166834e-03  8.15965642e-03 
 8.33333300e-03  0.00000000e+00  8.33333300e-03  0.00000000e+00  8.33333300e-03  0.00000000e+00  8.33333300e-03  8.15965642e-03 
 8.75999980e-03 -4.73493429e-02  8.75999980e-03 -6.61226728e-04  8.75999980e-03 -9.13770162e-06  8.75999980e-03  8.15668137e-03 
 9.61333341e-03 -1.42048029e-01  9.61333341e-03 -3.28227637e-03  9.61333341e-03 -6.31164853e-05  9.61333341e-03  8.13911393e-03 
 1.13200006e-02 -3.31445400e-01  1.13200006e-02 -1.60414397e-02  1.13200006e-02 -5.75528895e-04  1.13200006e-02  7.97272054e-03 
 1.39933353e-02 -6.28118682e-01  1.39933353e-02 -5.47478272e-02  1.39933353e-02 -3.36927172e-03  1.39933353e-02  7.08542196e-03 
 1.66666700e-02 -9.24791964e-01  1.66666700e-02 -1.14320630e-01  1.66666700e-02 -9.70777138e-03  1.66666700e-02  5.53829787e-03 
 1.72013369e-02 -9.35827114e-01  1.72013369e-02 -1.28093228e-01  1.72013369e-02 -1.15680338e-02  1.72013369e-02  5.12688201e-03 
 1.82706708e-02 -9.57897415e-01  1.82706708e-02 -1.55420332e-01  1.82706708e-02 -1.56272815e-02  1.82706708e-02  4.37217548e-03 
 2.04093386e-02 -1.00203802e+00  2.04093386e-02 -2.08842866e-01  2.04093386e-02 -2.55988096e-02  2.04093386e-02  2.93537572e-03 
 2.27046693e-02 -1.04941203e+00  2.27046693e-02 -2.64518418e-01  2.27046693e-02 -3.86674811e-02  2.27046693e-02  1.74098456e-03 
 2.50000000e-02 -1.09678605e+00  2.50000000e-02 -3.18679083e-01  2.50000000e-02 -5.37317048e-02  2.50000000e-02  9.53248788e-04 
 2.54590661e-02 -9.69730365e-01  2.54590661e-02 -3.27269225e-01  2.54590661e-02 -5.69530555e-02  2.54590661e-02  8.30454323e-04 
 2.63771984e-02 -7.15618999e-01  2.63771984e-02 -3.40330779e-01  2.63771984e-02 -6.33935910e-02  2.63771984e-02  6.47742397e-04 
 2.82134630e-02 -2.07396266e-01  2.82134630e-02 -3.42680936e-01  2.82134630e-02 -7.55778279e-02  2.82134630e-02  3.97899447e-04 
 3.07733965e-02  5.01116232e-01  3.07733965e-02 -2.96781538e-01  3.07733965e-02 -8.85090886e-02  3.07733965e-02  2.37222281e-04 
 3.33333300e-02  1.20962873e+00  3.33333300e-02 -1.98645035e-01  3.33333300e-02 -9.37091334e-02  3.33333300e-02  1.92675861e-04 
 3.38453167e-02  1.23850851e+00  3.38453167e-02 -1.74123512e-01  3.38453167e-02 -9.34126518e-02  3.38453167e-02  1.94960722e-04 
 3.48692901e-02  1.29626808e+00  3.48692901e-02 -1.25173669e-01  3.48692901e-02 -9.20325823e-02  3.48692901e-02  2.05736811e-04 
 3.69172369e-02  1.41178722e+00  3.69172369e-02 -2.77663156e-02  3.69172369e-02 -8.48743518e-02  3.69172369e-02  2.74342086e-04 
 3.92919534e-02  1.54573856e+00  3.92919534e-02  8.45283188e-02  3.92919534e-02 -7.00572381e-02  3.92919534e-02  4.96206973e-04 
 4.16666700e-02  1.67968989e+00  4.16666700e-02  1.96319332e-01  4.16666700e-02 -4.92606822e-02  4.16666700e-02  1.13985948e-03 
 4.21416133e-02  1.48262659e+00  4.21416133e-02  2.15152488e-01  4.21416133e-02 -4.44131044e-02  4.21416133e-02  1.38366281e-03 
 4.30914999e-02  1.08850000e+00  4.30914999e-02  2.45991360e-01  4.30914999e-02 -3.45498321e-02  4.30914999e-02  2.05250767e-03 
 4.49912732e-02  3.00246807e-01  4.49912732e-02  2.68321952e-01  4.49912732e-02 -1.50459773e-02  4.49912732e-02  4.47488973e-03 
 4.74956366e-02 -7.38862710e-01  4.74956366e-02  2.23231656e-01  4.74956366e-02  6.22586969e-03  4.74956366e-02  1.04597846e-02 
 5.00000000e-02 -1.77797223e+00  5.00000000e-02  1.00892796e-01  5.00000000e-02  1.77068091e-02  5.00000000e-02  1.65259137e-02 
 5.05008727e-02 -1.78635764e+00  5.05008727e-02  6.96479181e-02  5.05008727e-02  1.82451691e-02  5.05008727e-02  1.68800072e-02 
 5.15026180e-02 -1.80312846e+00  5.15026180e-02  8.21184482e-03  5.15026180e-02  1.82944797e-02  5.15026180e-02  1.69169399e-02 
 5.35061088e-02 -1.83667011e+00  5.35061088e-02 -1.08654808e-01  5.35061088e-02  1.28112680e-02  5.35061088e-02  1.35990377e-02 
 5.59197194e-02 -1.87707783e+00  5.59197194e-02 -2.39700531e-01  5.59197194e-02 -2.08639470e-03  5.59197194e-02  7.50781346e-03 
 5.83333300e-02 -1.91748554e+00  5.83333300e-02 -3.61234051e-01  5.83333300e-02 -2.41005860e-02  5.83333300e-02  3.11649655e-03 
 5.88160521e-02 -1.89336259e+00  5.88160521e-02 -3.83812560e-01  5.88160521e-02 -2.93096061e-02  5.88160521e-02  2.53077684e-03 
 5.97814964e-02 -1.84511669e+00  5.97814964e-02 -4.27334826e-01  5.97814964e-02 -4.00729131e-02  5.97814964e-02  1.64585887e-03 
 6.17123849e-02 -1.74862489e+00  6.17123849e-02 -5.04980094e-01  6.17123849e-02 -6.32591565e-02  6.17123849e-02  6.51234247e-04 
 6.41895274e-02 -1.62483527e+00  6.41895274e-02 -5.87576551e-01  6.41895274e-02 -9.49739613e-02  6.41895274e-02  1.83170803e-04 
 6.66666700e-02 -1.50104565e+00  6.66666700e-02 -6.52811229e-01  6.66666700e-02 -1.27366324e-01  6.66666700e-02  5.01372811e-05 
 6.71620985e-02 -1.35291410e+00  6.71620985e-02 -6.61612468e-01  6.71620985e-02 -1.33763900e-01  6.71620985e-02  3.88172713e-05 
 6.81529555e-02 -1.05665100e+00  6.81529555e-02 -6.74116239e-01  6.81529555e-02 -1.46339793e-01  6.81529555e-02  2.34726095e-05 
 7.01346696e-02 -4.64124794e-01  7.01346696e-02 -6.69770677e-01  7.01346696e-02 -1.69351452e-01  7.01346696e-02  9.34996035e-06 
 7.25673348e-02  2.63234366e-01  7.25673348e-02 -6.14607394e-01  7.25673348e-02 -1.91438386e-01  7.25673348e-02  3.86474776e-06 
 7.50000000e-02  9.90593527e-01  7.50000000e-02 -5.09342246e-01  7.50000000e-02 -2.04130172e-01  7.50000000e-02  1.90272801e-06 
 7.54865330e-02  8.81324130e-01  7.54865330e-02 -4.85805161e-01  7.54865330e-02 -2.05187110e-01  7.54865330e-02  2.22783055e-06 
 7.64595991e-02  6.62785337e-01  7.64595991e-02 -4.43180560e-01  7.64595991e-02 -2.06563934e-01  7.64595991e-02  2.10707432e-06 
 7.84057313e-02  2.25707750e-01  7.84057313e-02 -3.83517137e-01  7.84057313e-02 -2.05949147e-01  7.84057313e-02  2.16229244e-06 
 8.08695306e-02 -3.27631586e-01  8.08695306e-02 -3.53388746e-01  8.08695306e-02 -2.01878128e-01  8.08695306e-02  2.51514972e-06 
 8.33333300e-02 -8.80970923e-01  8.33333300e-02 -3.69360836e-01  8.33333300e-02 -1.97903118e-01  8.33333300e-02  2.95017635e-06 
 8.38260899e-02 -9.29450146e-01  8.38260899e-02 -3.77538784e-01  8.38260899e-02 -1.97455606e-01  8.38260899e-02  3.03754473e-06 
 8.48116096e-02 -1.02640859e+00  8.48116096e-02 -3.95109184e-01  8.48116096e-02 -1.96868937e-01  8.48116096e-02  3.10931826e-06 
 8.67826491e-02 -1.22032548e+00  8.67826491e-02 -4.37256977e-01  8.67826491e-02 -1.97644650e-01  8.67826491e-02  3.01365777e-06 
 8.92246596e-02 -1.46057794e+00  8.92246596e-02 -5.01581499e-01  8.92246596e-02 -2.02471690e-01  8.92246596e-02  2.43297216e-06 
 9.16666700e-02 -1.70083039e+00  9.16666700e-02 -5.78179831e-01  9.16666700e-02 -2.11849156e-01  9.16666700e-02  1.55333409e-06 
 9.21550721e-02 -1.64911205e+00  9.21550721e-02 -5.93513249e-01  9.21550721e-02 -2.14357592e-01  9.21550721e-02  1.53684375e-06 
 9.31318763e-02 -1.54567537e+00  9.31318763e-02 -6.21920805e-01  9.31318763e-02 -2.19659979e-01  9.31318763e-02  1.21744043e-06 
 9.50854846e-02 -1.33880200e+00  9.50854846e-02 -6.65742059e-01  9.50854846e-02 -2.31474039e-01  9.50854846e-02  6.59224666e-07 
 9.75427423e-02 -1.07859572e+00  9.75427423e-02 -6.98017928e-01  9.75427423e-02 -2.47142954e-01  9.75427423e-02  2.90819390e-07 
 1.00000000e-01 -8.18389437e-01  1.00000000e-01 -7.07150484e-01  1.00000000e-01 -2.61949144e-01  1.00000000e-01  1.69758195e-07 
 1.00491452e-01 -8.72874839e-01  1.00491452e-01 -7.07679415e-01  1.00491452e-01 -2.64654387e-01  1.00491452e-01  2.05346380e-07 
 1.01474355e-01 -9.81845643e-01  1.01474355e-01 -7.10488528e-01  1.01474355e-01 -2.69933601e-01  1.01474355e-01  1.63009772e-07 
 1.03440161e-01 -1.19978725e+00  1.03440161e-01 -7.26180957e-01  1.03440161e-01 -2.80063266e-01  1.03440161e-01  9.95178183e-08 
 1.05886730e-01 -1.47102931e+00  1.05886730e-01 -7.63147712e-01  1.05886730e-01 -2.92897900e-01  1.05886730e-01  5.42918920e-08 
 1.08333300e-01 -1.74227138e+00  1.08333300e-01 -8.17714695e-01  1.08333300e-01 -3.07196805e-01  1.08333300e-01  2.85810106e-08 
 1.08822614e-01 -1.75293761e+00  1.08822614e-01 -8.30220885e-01  1.08822614e-01 -3.10360732e-01  1.08822614e-01  3.29174729e-08 
 1.09801242e-01 -1.77427008e+00  1.09801242e-01 -8.55085862e-01  1.09801242e-01 -3.16876287e-01  1.09801242e-01  2.45524775e-08 
 1.11758497e-01 -1.81693501e+00  1.11758497e-01 -9.03977046e-01  1.11758497e-01 -3.30937372e-01  1.11758497e-01  1.11963476e-08 
 1.14212599e-01 -1.87043035e+00  1.14212599e-01 -9.63838794e-01  1.14212599e-01 -3.50220181e-01  1.14212599e-01  3.33440847e-09 
 1.16666700e-01 -1.92392569e+00  1.16666700e-01 -1.02227773e+00  1.16666700e-01 -3.70983851e-01  1.16666700e-01  1.14248132e-09 
 1.17157520e-01 -1.72998781e+00  1.17157520e-01 -1.03050564e+00  1.17157520e-01 -3.75257707e-01  1.17157520e-01  2.43599276e-09 
 1.18139161e-01 -1.34211203e+00  1.18139161e-01 -1.04044550e+00  1.18139161e-01 -3.83685382e-01  1.18139161e-01  1.64170997e-09 
 1.20102442e-01 -5.66360480e-01  1.20102442e-01 -1.02280751e+00  1.20102442e-01 -3.98715330e-01  1.20102442e-01  7.05028515e-10 
 1.22551221e-01  4.01226015e-01  1.22551221e-01 -9.35555407e-01  1.22551221e-01 -4.10903866e-01  1.22551221e-01  4.96604989e-10 
 1.25000000e-01  1.36881251e+00  1.25000000e-01 -7.82250804e-01  1.25000000e-01 -4.12150490e-01  1.25000000e-01  5.65459042e-10 
 1.25489756e-01  1.19027451e+00  1.25489756e-01 -7.48935965e-01  1.25489756e-01 -4.10634456e-01  1.25489756e-01  6.00521129e-10 
 1.26469267e-01  8.33198523e-01  1.26469267e-01 -6.89380575e-01  1.26469267e-01 -4.06759807e-01  1.26469267e-01  6.94820426e-10 
 1.28428291e-01  1.19046542e-01  1.28428291e-01 -6.10954425e-01  1.28428291e-01 -3.95517205e-01  1.28428291e-01  1.01832143e-09 
 1.30880795e-01 -7.75001549e-01  1.30880795e-01 -5.83783770e-01  1.30880795e-01 -3.79417420e-01  1.30880795e-01  1.81054366e-09 
 1.33333300e-01 -1.66904964e+00  1.33333300e-01 -6.28417494e-01  1.33333300e-01 -3.66465772e-01  1.33333300e-01  3.18333235e-09 
 1.33823801e-01 -1.65998092e+00  1.33823801e-01 -6.43666251e-01  1.33823801e-01 -3.64763744e-01  1.33823801e-01  3.76000813e-09 
 1.34804803e-01 -1.64184348e+00  1.34804803e-01 -6.73225081e-01  1.34804803e-01 -3.61937696e-01  1.34804803e-01  4.19433688e-09 
 1.36766806e-01 -1.60556860e+00  1.36766806e-01 -7.26969332e-01  1.36766806e-01 -3.59371113e-01  1.36766806e-01  4.65251970e-09 
 1.39216753e-01 -1.56027229e+00  1.39216753e-01 -7.84811826e-01  1.39216753e-01 -3.60816445e-01  1.39216753e-01  4.40522787e-09 
 1.41666700e-01 -1.51497598e+00  1.41666700e-01 -8.33388056e-01  1.41666700e-01 -3.66048199e-01  1.41666700e-01  3.48940628e-09 
 1.42156689e-01 -1.49869299e+00  1.42156689e-01 -8.41793165e-01  1.42156689e-01 -3.67492579e-01  1.42156689e-01  3.37281918e-09 
 1.43136668e-01 -1.46612700e+00  1.43136668e-01 -8.57747654e-01  1.43136668e-01 -3.70539892e-01  1.43136668e-01  2.96684424e-09 
 1.45096625e-01 -1.40099502e+00  1.45096625e-01 -8.84738384e-01  1.45096625e-01 -3.77375550e-01  1.45096625e-01  2.17314892e-09 
 1.47548313e-01 -1.31952221e+00  1.47548313e-01 -9.09936186e-01  1.47548313e-01 -3.86704637e-01  1.47548313e-01  1.42631873e-09 
 1.50000000e-01 -1.23804940e+00  1.50000000e-01 -9.26488376e-01  1.50000000e-01 -3.96165712e-01  1.50000000e-01  9.73823824e-10 
 1.50490337e-01 -1.08131516e+00  1.50490337e-01 -9.26428715e-01  1.50490337e-01 -3.97973157e-01  1.50490337e-01  9.95525410e-10 
 1.51471012e-01 -7.67846673e-01  1.51471012e-01 -9.21311368e-01  1.51471012e-01 -4.01389923e-01  1.51471012e-01  8.61830163e-10 
 1.53432362e-01 -1.40909698e-01  1.53432362e-01 -8.82292177e-01  1.53432362e-01 -4.06227520e-01  1.53432362e-01  7.02250780e-10 
 1.55882831e-01  6.42372081e-01  1.55882831e-01 -7.83332563e-01  1.55882831e-01 -4.06230983e-01  1.55882831e-01  7.17450788e-10 
 1.58333300e-01  1.42565386e+00  1.58333300e-01 -6.33487783e-01  1.58333300e-01 -3.96857490e-01  1.58333300e-01  9.86451532e-10 
 1.58823394e-01  1.27548343e+00  1.58823394e-01 -6.01798828e-01  1.58823394e-01 -3.93510197e-01  1.58823394e-01  1.18358071e-09 
 1.59803581e-01  9.75142560e-01  1.59803581e-01 -5.44507949e-01  1.59803581e-01 -3.86126944e-01  1.59803581e-01  1.54580694e-09 
 1.61763956e-01  3.74460828e-01  1.61763956e-01 -4.64933975e-01  1.61763956e-01 -3.68559828e-01  1.61763956e-01  2.73004118e-09 
 1.64215328e-01 -3.76667978e-01  1.64215328e-01 -4.26429525e-01  1.64215328e-01 -3.45196726e-01  1.64215328e-01  6.26298252e-09 
 1.66666700e-01 -1.12779679e+00  1.66666700e-01 -4.49581476e-01  1.66666700e-01 -3.24865967e-01  1.66666700e-01  1.49457839e-08 
 1.67156974e-01 -9.69876015e-01  1.67156974e-01 -4.57292920e-01  1.67156974e-01 -3.21566132e-01  1.67156974e-01  2.10421962e-08 
 1.68137523e-01 -6.54034474e-01  1.68137523e-01 -4.67310813e-01  1.68137523e-01 -3.15338808e-01  1.68137523e-01  2.64951229e-08 
 1.70098620e-01 -2.23513918e-02  1.70098620e-01 -4.56249150e-01  1.70098620e-01 -3.04025349e-01  1.70098620e-01  3.95256010e-08 
 1.72549310e-01  7.67032787e-01  1.72549310e-01 -3.88256059e-01  1.72549310e-01 -2.88874398e-01  1.72549310e-01  6.87134269e-08 
 1.75000000e-01  1.55641696e+00  1.75000000e-01 -2.65477380e-01  1.75000000e-01 -2.68874642e-01  1.75000000e-01  1.41174060e-07 
 1.75490138e-01  1.36516140e+00  1.75490138e-01 -2.39382836e-01  1.75490138e-01 -2.63945402e-01  1.75490138e-01  2.08964141e-07 
 1.76470414e-01  9.82650260e-01  1.76470414e-01 -1.94349424e-01  1.76470414e-01 -2.53694501e-01  1.76470414e-01  2.99761573e-07 
 1.78430966e-01  2.17627986e-01  1.78430966e-01 -1.45458299e-01  1.78430966e-01 -2.32246970e-01  1.78430966e-01  5.95175079e-07 
 1.80882133e-01 -7.38836139e-01  1.80882133e-01 -1.56126525e-01  1.80882133e-01 -2.07721018e-01  1.80882133e-01  1.49656859e-06 
 1.83333300e-01 -1.69530026e+00  1.83333300e-01 -2.39440632e-01  1.83333300e-01 -1.90528365e-01  1.83333300e-01  3.40063348e-06 
 1.83823533e-01 -1.67131688e+00  1.83823533e-01 -2.62107813e-01  1.83823533e-01 -1.88496985e-01  1.83823533e-01  4.33369153e-06 
 1.84804000e-01 -1.62335012e+00  1.84804000e-01 -3.05716065e-01  1.84804000e-01 -1.85255421e-01  1.84804000e-01  4.91096823e-06 
 1.86764934e-01 -1.52741659e+00  1.86764934e-01 -3.83038572e-01  1.86764934e-01 -1.83087040e-01  1.86764934e-01  5.37840881e-06 
 1.89215817e-01 -1.40751359e+00  1.89215817e-01 -4.62552856e-01  1.89215817e-01 -1.86665294e-01  1.89215817e-01  4.62502050e-06 
 1.91666700e-01 -1.28761058e+00  1.91666700e-01 -5.24885548e-01  1.91666700e-01 -1.95037045e-01  1.91666700e-01  3.11132204e-06 
 1.92156877e-01 -1.29539284e+00  1.92156877e-01 -5.35640280e-01  1.92156877e-01 -1.97184225e-01  1.92156877e-01  3.05918645e-06 
 1.93137230e-01 -1.31095736e+00  1.93137230e-01 -5.56972949e-01  1.93137230e-01 -2.01676667e-01  1.93137230e-01  2.51929969e-06 
 1.95097936e-01 -1.34208640e+00  1.95097936e-01 -5.98630937e-01  1.95097936e-01 -2.11744579e-01  1.95097936e-01  1.53265689e-06 
 1.97548968e-01 -1.38100006e+00  1.97548968e-01 -6.48980419e-01  1.97548968e-01 -2.26047856e-01  1.97548968e-01  7.33969100e-07 
 2.00000000e-01 -1.41991372e+00  2.00000000e-01 -6.97621446e-01  2.00000000e-01 -2.41871972e-01  2.00000000e-01  3.55305220e-07 
 2.00490206e-01 -1.23547943e+00  2.00490206e-01 -7.04055511e-01  2.00490206e-01 -2.45164022e-01  2.00490206e-01  4.46353839e-07 
 2.01470619e-01 -8.66610857e-01  2.01470619e-01 -7.10785049e-01  2.01470619e-01 -2.51641120e-01  2.01470619e-01  3.33872588e-07 
 2.03431445e-01 -1.28873703e-01  2.03431445e-01 -6.88897745e-01  2.03431445e-01 -2.62910996e-01  2.03431445e-01  1.90997421e-07 
 2.05882372e-01  7.93258519e-01  2.05882372e-01 -5.99861999e-01  2.05882372e-01 -2.70857489e-01  2.05882372e-01  1.51143309e-07 
 2.08333300e-01  1.71539074e+00  2.08333300e-01 -4.48333650e-01  2.08333300e-01 -2.68508495e-01  2.08333300e-01  1.76389146e-07 
 2.08823486e-01  1.54176704e+00  2.08823486e-01 -4.15619336e-01  2.08823486e-01 -2.66376949e-01  2.08823486e-01  1.92225608e-07 
 2.09803857e-01  1.19451962e+00  2.09803857e-01 -3.57083195e-01  2.09803857e-01 -2.61326573e-01  2.09803857e-01  2.31854411e-07 
 2.11764599e-01  5.00024804e-01  2.11764599e-01 -2.79650343e-01  2.11764599e-01 -2.48012740e-01  2.11764599e-01  3.61788751e-07 
 2.14215649e-01 -3.68137279e-01  2.14215649e-01 -2.51889355e-01  2.14215649e-01 -2.29719284e-01  2.14215649e-01  6.96316426e-07 
 2.16666700e-01 -1.23629936e+00  2.16666700e-01 -2.93895040e-01  2.16666700e-01 -2.14789954e-01  2.16666700e-01  1.33495374e-06 
 2.17156910e-01 -1.22828185e+00  2.17156910e-01 -3.08455926e-01  2.17156910e-01 -2.12705098e-01  2.17156910e-01  1.64531739e-06 
 2.18137330e-01 -1.21224683e+00  2.18137330e-01 -3.36698157e-01  2.18137330e-01 -2.09117064e-01  2.18137330e-01  1.88766562e-06 
 2.20098171e-01 -1.18017678e+00  2.20098171e-01 -3.88149755e-01  2.20098171e-01 -2.05057781e-01  2.20098171e-01  2.21491046e-06 
 2.22549085e-01 -1.14009145e+00  2.22549085e-01 -4.43773390e-01  2.22549085e-01 -2.04725570e-01  2.22549085e-01  2.27123106e-06 
 2.25000000e-01 -1.10000613e+00  2.25000000e-01 -4.90715467e-01  2.25000000e-01 -2.08310631e-01  2.25000000e-01  1.94570151e-06 
 2.25490183e-01 -1.13429380e+00  2.25490183e-01 -4.99662453e-01  2.25490183e-01 -2.09458833e-01  2.25490183e-01  1.87759367e-06 
 2.26470549e-01 -1.20286916e+00  2.26470549e-01 -5.18293497e-01  2.26470549e-01 -2.11975364e-01  2.26470549e-01  1.69043128e-06 
 2.28431280e-01 -1.34001987e+00  2.28431280e-01 -5.59810656e-01  2.28431280e-01 -2.18376586e-01  2.28431280e-01  1.26445117e-06 
 2.30882290e-01 -1.51146492e+00  2.30882290e-01 -6.19167826e-01  2.30882290e-01 -2.29067789e-01  2.30882290e-01  7.53043835e-07 
 2.33333300e-01 -1.68290997e+00  2.33333300e-01 -6.86124340e-01  2.33333300e-01 -2.42867951e-01  2.33333300e-01  3.84329525e-07 
 2.33823502e-01 -1.67470327e+00  2.33823502e-01 -6.99829460e-01  2.33823502e-01 -2.46060876e-01  2.33823502e-01  4.30879631e-07 
 2.34803906e-01 -1.65828987e+00  2.34803906e-01 -7.26438620e-01  2.34803906e-01 -2.52660454e-01  2.34803906e-01  3.19977581e-07 
 2.36764714e-01 -1.62546308e+00  2.36764714e-01 -7.75056322e-01  2.36764714e-01 -2.66920556e-01  2.36764714e-01  1.43431845e-07 
 2.39215707e-01 -1.58442987e+00  2.39215707e-01 -8.27835836e-01  2.39215707e-01 -2.86088303e-01  2.39215707e-01  4.40309949e-08 
 2.41666700e-01 -1.54339666e+00  2.41666700e-01 -8.72563388e-01  2.41666700e-01 -3.05969181e-01  2.41666700e-01  1.79531079e-08 
 2.42156899e-01 -1.37051567e+00  2.42156899e-01 -8.77830017e-01  2.42156899e-01 -3.09931149e-01  2.42156899e-01  3.33106472e-08 
 2.43137296e-01 -1.02475369e+00  2.43137296e-01 -8.82649129e-01  2.43137296e-01 -3.17674452e-01  2.43137296e-01  2.33189616e-08 
 2.45098090e-01 -3.33229725e-01  2.45098090e-01 -8.59380651e-01  2.45098090e-01 -3.31137443e-01  2.45098090e-01  1.14374656e-08 
 2.47549045e-01  5.31161710e-01  2.47549045e-01 -7.72859618e-01  2.47549045e-01 -3.41487014e-01  2.47549045e-01  8.47638785e-09 
 2.50000000e-01  1.39555314e+00  2.50000000e-01 -6.28126856e-01  2.50000000e-01 -3.41520550e-01  2.50000000e-01  9.54832187e-09 
 2.50490191e-01  1.37396806e+00  2.50490191e-01 -5.94709969e-01  2.50490191e-01 -3.39854050e-01  2.50490191e-01  1.01848220e-08 
 2.51470573e-01  1.33079791e+00  2.51470573e-01 -5.29936644e-01  2.51470573e-01 -3.35605002e-01  2.51470573e-01  1.19412345e-08 
 2.53431337e-01  1.24445759e+00  2.53431337e-01 -4.12203842e-01  2.53431337e-01 -3.22317536e-01  2.53431337e-01  1.85271085e-08 
 2.55882318e-01  1.13653101e+00  2.55882318e-01 -2.85501611e-01  2.55882318e-01 -2.98804655e-01  2.55882318e-01  3.99424789e-08 
 2.58333300e-01  1.02860443e+00  2.58333300e-01 -1.79343540e-01  2.58333300e-01 -2.70148255e-01  2.58333300e-01  1.13151431e-07 
 2.58823496e-01  8.69294192e-01  2.58823496e-01 -1.62971531e-01  2.58823496e-01 -2.63969084e-01  2.58823496e-01  2.06878675e-07 
 2.59803889e-01  5.50673718e-01  2.59803889e-01 -1.35947070e-01  2.59803889e-01 -2.51584024e-01  2.59803889e-01  3.17608725e-07 
 2.61764674e-01 -8.65672295e-02  2.61764674e-01 -1.14825053e-01  2.61764674e-01 -2.27672148e-01  2.61764674e-01  6.81960401e-07 
 2.64215687e-01 -8.83128561e-01  2.64215687e-01 -1.45862923e-01  2.64215687e-01 -2.02313081e-01  2.64215687e-01  1.82731843e-06 
 2.66666700e-01 -1.67968989e+00  2.66666700e-01 -2.35076245e-01  2.66666700e-01 -1.85405808e-01  2.66666700e-01  4.19331792e-06 
 2.67156903e-01 -1.50113316e+00  2.67156903e-01 -2.55085511e-01  2.67156903e-01 -1.83429555e-01  2.67156903e-01  5.30834565e-06 
 2.68137308e-01 -1.14401970e+00  2.68137308e-01 -2.88541939e-01  2.68137308e-01 -1.80134118e-01  2.68137308e-01  6.02594160e-06 
 2.70098118e-01 -4.29792771e-01  2.70098118e-01 -3.17710595e-01  2.70098118e-01 -1.76082082e-01  2.70098118e-01  7.05882752e-06 
 2.72549059e-01  4.62964714e-01  2.72549059e-01 -2.88429442e-01  2.72549059e-01 -1.71717408e-01  2.72549059e-01  8.39019542e-06 
 2.75000000e-01  1.35572220e+00  2.75000000e-01 -1.92694141e-01  2.75000000e-01 -1.63315053e-01  2.75000000e-01  1.13643817e-05 
 2.75490188e-01  1.19129851e+00  2.75490188e-01 -1.70397114e-01  2.75490188e-01 -1.60715904e-01  2.75490188e-01  1.31409864e-05 
 2.76470565e-01  8.62451144e-01  2.76470565e-01 -1.31965017e-01  2.76470565e-01 -1.55078473e-01  2.76470565e-01  1.61858728e-05 
 2.78431317e-01  2.04756404e-01  2.78431317e-01 -9.05528959e-02  2.78431317e-01 -1.42420047e-01  2.78431317e-01  2.74570463e-05 
 2.80882309e-01 -6.17378892e-01  2.80882309e-01 -1.00568268e-01  2.80882309e-01 -1.27614067e-01  2.80882309e-01  4.96428959e-05 
 2.83333300e-01 -1.43951419e+00  2.83333300e-01 -1.73072911e-01  2.83333300e-01 -1.18206697e-01  2.83333300e-01  7.23230737e-05 
 2.83823498e-01 -1.41701903e+00  2.83823498e-01 -1.92709012e-01  2.83823498e-01 -1.17422272e-01  2.83823498e-01  7.45923073e-05 
 2.84803895e-01 -1.37202871e+00  2.84803895e-01 -2.30440076e-01  2.84803895e-01 -1.16500809e-01  2.84803895e-01  7.73789050e-05 
 2.86764688e-01 -1.28204807e+00  2.86764688e-01 -2.97063906e-01  2.86764688e-01 -1.18027636e-01  2.86764688e-01  7.27014347e-05 
 2.89215694e-01 -1.16957159e+00  2.89215694e-01 -3.65027536e-01  2.89215694e-01 -1.24743801e-01  2.89215694e-01  5.56824005e-05 
 2.91666700e-01 -1.05709511e+00  2.91666700e-01 -4.17607887e-01  2.91666700e-01 -1.34965756e-01  2.91666700e-01  3.69953265e-05 
 2.92156901e-01 -9.16920923e-01  2.92156901e-01 -4.24251481e-01  2.92156901e-01 -1.37298928e-01  2.92156901e-01  3.35427057e-05 
 2.93137304e-01 -6.36572557e-01  2.93137304e-01 -4.32798994e-01  2.93137304e-01 -1.41949171e-01  2.93137304e-01  2.74306548e-05 
 2.95098109e-01 -7.58758250e-02  2.95098109e-01 -4.22606187e-01  2.95098109e-01 -1.50323329e-01  2.95098109e-01  2.00152361e-05 
 2.97549054e-01  6.24977832e-01  2.97549054e-01 -3.62258732e-01  2.97549054e-01 -1.56676027e-01  2.97549054e-01  1.49292372e-05 
 3.00000000e-01  1.32583149e+00  3.00000000e-01 -2.53688614e-01  3.00000000e-01 -1.55680022e-01  3.00000000e-01  1.61424770e-05 
 3.00490189e-01  1.17730594e+00  3.00490189e-01 -2.30315843e-01  3.00490189e-01 -1.54275643e-01  3.00490189e-01  1.70624655e-05 
 3.01470567e-01  8.80254836e-01  3.01470567e-01 -1.89279187e-01  3.01470567e-01 -1.50909126e-01  3.01470567e-01  1.93895677e-05 
 3.03431324e-01  2.86152632e-01  3.03431324e-01 -1.40043271e-01  3.03431324e-01 -1.42045385e-01  3.03431324e-01  2.78716256e-05 
 3.05882312e-01 -4.56487924e-01  3.05882312e-01 -1.35698126e-01  3.05882312e-01 -1.30486940e-01  3.05882312e-01  4.42538345e-05 
 3.08333300e-01 -1.19912848e+00  3.08333300e-01 -1.89178400e-01  3.08333300e-01 -1.22566829e-01  3.08333300e-01  6.07484422e-05 
 3.08823498e-01 -1.03753249e+00  3.08823498e-01 -2.02428664e-01  3.08823498e-01 -1.21794759e-01  3.08823498e-01  6.26244918e-05 
 3.09803893e-01 -7.14340519e-01  3.09803893e-01 -2.23201297e-01  3.09803893e-01 -1.20629086e-01  3.09803893e-01  6.55750546e-05 
 3.11764683e-01 -6.79565710e-02  3.11764683e-01 -2.31790270e-01  3.11764683e-01 -1.19416596e-01  3.11764683e-01  6.88278840e-05 
 3.14215692e-01  7.40030097e-01  3.14215692e-01 -1.85090746e-01  3.14215692e-01 -1.16675255e-01  3.14215692e-01  7.64620231e-05 
 3.16666700e-01  1.54801677e+00  3.16666700e-01 -8.02918537e-02  3.16666700e-01 -1.08647053e-01  3.16666700e-01  1.06008448e-04 
 3.17156902e-01  1.38354738e+00  3.17156902e-01 -5.69936927e-02  3.17156902e-01 -1.06026743e-01  3.17156902e-01  1.17119090e-04 
 3.18137305e-01  1.05460861e+00  3.18137305e-01 -1.66022588e-02  3.18137305e-01 -1.00317372e-01  3.18137305e-01  1.47923212e-04 
 3.20098112e-01  3.96731068e-01  3.20098112e-01  2.84829853e-02  3.20098112e-01 -8.73560711e-02  3.20098112e-01  2.48418519e-04 
 3.22549056e-01 -4.25594285e-01  3.22549056e-01  2.26372737e-02  3.22549056e-01 -7.19292124e-02  3.22549056e-01  4.60413500e-04 
 3.25000000e-01 -1.24791964e+00  3.25000000e-01 -4.61150207e-02  3.25000000e-01 -6.16982167e-02  3.25000000e-01  6.93183171e-04 
 3.25490189e-01 -1.10112362e+00  3.25490189e-01 -6.30648994e-02  3.25490189e-01 -6.06955995e-02  3.25490189e-01  7.20977226e-04 
 3.26470566e-01 -8.07531583e-01  3.26470566e-01 -9.15549965e-02  3.26470566e-01 -5.92057859e-02  3.26470566e-01  7.64530957e-04 
 3.28431322e-01 -2.20347510e-01  3.28431322e-01 -1.17418243e-01  3.28431322e-01 -5.81714822e-02  3.28431322e-01  7.97514077e-04 
 3.30882311e-01  5.13646061e-01  3.30882311e-01 -9.55418334e-02  3.30882311e-01 -5.72086822e-02  3.30882311e-01  8.28910167e-04 
 3.33333300e-01  1.24763963e+00  3.33333300e-01 -1.88647745e-02  3.33333300e-01 -5.26798702e-02  3.33333300e-01  9.94198517e-04 
 3.33823498e-01  1.23719296e+00  3.33823498e-01  1.07818372e-03  3.33823498e-01 -5.09554070e-02  3.33823498e-01  1.06275620e-03 
 3.34803893e-01  1.21629961e+00  3.34803893e-01  3.98191340e-02  3.34803893e-01 -4.70057573e-02  3.34803893e-01  1.24740998e-03 
 3.36764685e-01  1.17451293e+00  3.36764685e-01  1.10735787e-01  3.36764685e-01 -3.64918316e-02  3.36764685e-01  1.89919251e-03 
 3.39215692e-01  1.12227917e+00  3.39215692e-01  1.88007899e-01  3.39215692e-01 -1.95915379e-02  3.39215692e-01  3.73177782e-03 
 3.41666700e-01  1.07004541e+00  3.41666700e-01  2.53860189e-01  3.41666700e-01  9.17920808e-05  3.41666700e-01  8.18959667e-03 
 3.42156902e-01  1.12113916e+00  3.42156902e-01  2.66538915e-01  3.42156902e-01  4.30291626e-03  3.42156902e-01  9.68767463e-03 
 3.43137305e-01  1.22332666e+00  3.43137305e-01  2.93045074e-01  3.43137305e-01  1.28712618e-02  3.43137305e-01  1.36315762e-02 
 3.45098111e-01  1.42770166e+00  3.45098111e-01  3.52678380e-01  3.45098111e-01  3.10322864e-02  3.45098111e-01  2.80623578e-02 
 3.47549055e-01  1.68316385e+00  3.47549055e-01  4.38791702e-01  3.47549055e-01  5.60691796e-02  3.47549055e-01  7.52913362e-02 
 3.50000000e-01  1.93862604e+00  3.50000000e-01  5.36657054e-01  3.50000000e-01  8.41715201e-02  3.50000000e-01  2.21218311e-01 
 3.50490189e-01  1.73615455e+00  3.50490189e-01  5.53705765e-01  3.50490189e-01  9.01975876e-02  3.50490189e-01  2.76465312e-01 
 3.51470567e-01  1.33121157e+00  3.51470567e-01  5.80672997e-01  3.51470567e-01  1.02285459e-01  3.51470567e-01  4.26162930e-01 
 3.53431323e-01  5.21325604e-01  3.53431323e-01  5.93559792e-01  3.53431323e-01  1.25404972e-01  3.53431323e-01  8.98056092e-01 
 3.55430153e-01 -3.04286907e-01  3.55430153e-01  5.53804138e-01  3.55430153e-01  1.45150895e-01  3.55430153e-01  1.49007090e+00 
 3.56881726e-01 -9.03856307e-01  3.56881726e-01  4.93810062e-01  3.56881726e-01  1.55580796e-01  3.56881726e-01  1.83144903e+00 
 3.58333300e-01 -1.50342571e+00  3.58333300e-01  4.09465021e-01  3.58333300e-01  1.61698053e-01  3.58333300e-01  2.03278058e+00 
 3.58507174e-01 -1.50248072e+00  3.58507174e-01  3.98039713e-01  3.58507174e-01  1.62079284e-01  3.58507174e-01  2.04105941e+00 
 3.58854922e-01 -1.50059075e+00  3.58854922e-01  3.75371927e-01  3.58854922e-01  1.62702959e-01  3.58854922e-01  2.06046364e+00 
 3.59550418e-01 -1.49681081e+00  3.59550418e-01  3.31114302e-01  3.59550418e-01  1.63149113e-01  3.59550418e-01  2.07421762e+00 
 3.60941409e-01 -1.48925093e+00  3.60941409e-01  2.46728119e-01  3.60941409e-01  1.61133631e-01  3.60941409e-01  2.01207156e+00 
 3.63723393e-01 -1.47413117e+00  3.63723393e-01  9.31348783e-02  3.63723393e-01  1.47551034e-01  3.63723393e-01  1.58473967e+00 
 3.66666700e-01 -1.45813463e+00  3.66666700e-01 -4.95148238e-02  3.66666700e-01  1.22530604e-01  3.66666700e-01  8.24898799e-01 
 3.67223097e-01 -1.44219676e+00  3.67223097e-01 -7.38330097e-02  3.67223097e-01  1.16723381e-01  3.67223097e-01  6.89644882e-01 
 3.68335890e-01 -1.41032102e+00  3.68335890e-01 -1.20812424e-01  3.68335890e-01  1.04694956e-01  3.68335890e-01  4.63228372e-01 
 3.70561477e-01 -1.34656955e+00  3.70561477e-01 -2.05307896e-01  3.70561477e-01  7.86559723e-02  3.70561477e-01  1.79807846e-01 
 3.75000000e-01 -1.21942896e+00  3.75000000e-01 -3.40395857e-01  3.75000000e-01  2.28881992e-02  3.75000000e-01  2.03083606e-02 
 3.75445117e-01 -1.07346612e+00  3.75445117e-01 -3.49505262e-01  3.75445117e-01  1.71799525e-02  3.75445117e-01  1.61829764e-02 
 3.76335352e-01 -7.81540451e-01  3.76335352e-01 -3.63179145e-01  3.76335352e-01  5.90356304e-03  3.76335352e-01  1.03262191e-02 
 3.78115821e-01 -1.97689103e-01  3.78115821e-01 -3.64257156e-01  3.78115821e-01 -1.51219583e-02  3.78115821e-01  4.46132846e-03 
 3.80724561e-01  6.57768418e-01  3.80724561e-01 -3.07022593e-01  3.80724561e-01 -3.94448755e-02  3.80724561e-01  1.68770762e-03 
 3.83333300e-01  1.51322594e+00  3.83333300e-01 -1.85966403e-01  3.83333300e-01 -5.26692305e-02  3.83333300e-01  9.94621598e-04 
 3.83855048e-01  1.48370373e+00  3.83855048e-01 -1.56894281e-01  3.83855048e-01 -5.34907779e-02  3.83855048e-01  9.61946297e-04 
 3.84898544e-01  1.42465931e+00  3.84898544e-01 -1.01043043e-01  3.84898544e-01 -5.41394052e-02  3.84898544e-01  9.37512764e-04 
 3.86985535e-01  1.30657046e+00  3.86985535e-01 -2.45204621e-03  3.86985535e-01 -5.02927065e-02  3.86985535e-01  1.08209518e-03 
 3.89326117e-01  1.17413260e+00  3.89326117e-01  8.88828822e-02  3.89326117e-01 -3.97225532e-02  3.89326117e-01  1.66907522e-03 
 3.91666700e-01  1.04169474e+00  3.91666700e-01  1.61851367e-01  3.91666700e-01 -2.47829819e-02  3.91666700e-01  3.03265678e-03 
 3.92134817e-01  1.10448158e+00  3.92134817e-01  1.75427023e-01  3.92134817e-01 -2.13623026e-02  3.92134817e-01  3.44722530e-03 
 3.93071050e-01  1.23005526e+00  3.93071050e-01  2.03991396e-01  3.93071050e-01 -1.43011022e-02  3.93071050e-01  4.61003616e-03 
 3.94943516e-01  1.48120261e+00  3.94943516e-01  2.69281265e-01  3.94943516e-01  1.30041175e-03  3.94943516e-01  8.59419109e-03 
 3.97471758e-01  1.82030695e+00  3.97471758e-01  3.73531280e-01  3.97471758e-01  2.60263156e-02  3.97471758e-01  2.30055291e-02 
 4.00000000e-01  2.15941129e+00  4.00000000e-01  4.94697209e-01  4.00000000e-01  5.55633359e-02  4.00000000e-01  7.38169539e-02 
 4.00505648e-01  2.10518687e+00  4.00505648e-01  5.19119706e-01  4.00505648e-01  6.21651030e-02  4.00505648e-01  9.54804552e-02 
 4.01516945e-01  1.99673805e+00  4.01516945e-01  5.65195541e-01  4.01516945e-01  7.56783255e-02  4.01516945e-01  1.60600488e-01 
 4.03539539e-01  1.77984040e+00  4.03539539e-01  6.41441791e-01  4.03539539e-01  1.03941281e-01  4.03539539e-01  4.51353354e-01 
 4.05936420e-01  1.52280523e+00  4.05936420e-01  7.06284389e-01  4.05936420e-01  1.37969367e-01  4.05936420e-01  1.26047731e+00 
 4.06105788e-01  1.50464258e+00  4.06105788e-01  7.09869206e-01  4.06105788e-01  1.40356296e-01  4.06105788e-01  1.33564615e+00 
 4.06444525e-01  1.46831729e+00  4.06444525e-01  7.16667105e-01  4.06444525e-01  1.45106172e-01  4.06444525e-01  1.48670269e+00 
 4.07122000e-01  1.39566670e+00  4.07122000e-01  7.28802404e-01  4.07122000e-01  1.54492494e-01  4.07122000e-01  1.79581754e+00 
 4.07638336e-01  1.34029613e+00  4.07638336e-01  7.36767144e-01  4.07638336e-01  1.61529510e-01  4.07638336e-01  2.02408890e+00 
 4.07985818e-01  1.30303310e+00  4.07985818e-01  7.41515371e-01  4.07985818e-01  1.66199881e-01  4.07985818e-01  2.17007999e+00 
 4.08127444e-01  1.28784548e+00  4.08127444e-01  7.43311403e-01  4.08127444e-01  1.68087140e-01  4.08127444e-01  2.22372256e+00 
 4.08277603e-01  1.27174287e+00  4.08277603e-01  7.45128486e-01  4.08277603e-01  1.70077249e-01  4.08277603e-01  2.27921361e+00 
 4.08333300e-01  1.26577006e+00  4.08333300e-01  7.45779770e-01  4.08333300e-01  1.70812528e-01  4.08333300e-01  2.29983272e+00 
 4.08353078e-01  1.25956745e+00  4.08353078e-01  7.46004636e-01  4.08353078e-01  1.71073140e-01  4.08353078e-01  2.30698234e+00 
 4.08354807e-01  1.25902518e+00  4.08354807e-01  7.46024279e-01  4.08354807e-01  1.71095924e-01  4.08354807e-01  2.30759994e+00 
 4.08358265e-01  1.25794064e+00  4.08358265e-01  7.46063468e-01  4.08358265e-01  1.71141486e-01  4.08358265e-01  2.30886467e+00 
 4.08365182e-01  1.25577156e+00  4.08365182e-01  7.46141136e-01  4.08365182e-01  1.61920767e-01  4.08365182e-01  2.05347291e+00 
 4.08379015e-01  1.25143339e+00  4.08379015e-01  7.46292990e-01  4.08379015e-01  1.43492447e-01  4.08379015e-01  1.43645517e+00 
 4.08406681e-01  1.24275706e+00  4.08406681e-01  7.46587940e-01  4.08406681e-01  1.43909146e-01  4.08406681e-01  1.44997591e+00 
 4.08462013e-01  1.22540439e+00  4.08462013e-01  7.47153149e-01  4.08462013e-01  1.44740977e-01  4.08462013e-01  1.47703725e+00 
 4.08542968e-01  1.20001601e+00  4.08542968e-01  7.47920917e-01  4.08542968e-01  1.45954155e-01  4.08542968e-01  1.51668463e+00 
 4.08704878e-01  1.14923927e+00  4.08704878e-01  7.49246513e-01  4.08704878e-01  1.48366107e-01  4.08704878e-01  1.59585329e+00 
 4.09028698e-01  1.04768577e+00  4.09028698e-01  7.51065132e-01  4.09028698e-01  1.53127614e-01  4.09028698e-01  1.75306277e+00 
 4.09540544e-01  8.87165557e-01  4.09540544e-01  7.51707702e-01  4.09540544e-01  1.60463314e-01  4.09540544e-01  1.99085603e+00 
 4.09740639e-01  8.24413858e-01  4.09740639e-01  7.51223761e-01  4.09740639e-01  1.63262280e-01  4.09740639e-01  2.08410063e+00 
 4.09982991e-01  7.48409645e-01  4.09982991e-01  7.50093062e-01  4.09982991e-01  1.66595065e-01  4.09982991e-01  2.17929095e+00 
 4.10030101e-01  7.33635244e-01  4.10030101e-01  7.49793241e-01  4.10030101e-01  1.67234142e-01  4.10030101e-01  2.19722515e+00 
 4.10124323e-01  7.04086443e-01  4.10124323e-01  7.49149111e-01  4.10124323e-01  1.68507186e-01  4.10124323e-01  2.23461476e+00 
 4.10260825e-01  6.61277854e-01  4.10260825e-01  7.48058562e-01  4.10260825e-01  1.70333099e-01  4.10260825e-01  2.28640146e+00 
 4.10283131e-01  6.54282587e-01  4.10283131e-01  7.47860231e-01  4.10283131e-01  1.70629072e-01  4.10283131e-01  2.29459289e+00 
 4.10288707e-01  6.52533770e-01  4.10288707e-01  7.47810339e-01  4.10288707e-01  1.70703028e-01  4.10288707e-01  2.29671878e+00 
 4.10299860e-01  6.49036137e-01  4.10299860e-01  7.47709938e-01  4.10299860e-01  1.70850865e-01  4.10299860e-01  2.30078904e+00 
 4.10322166e-01  6.42040870e-01  4.10322166e-01  7.47505431e-01  4.10322166e-01  1.71146087e-01  4.10322166e-01  2.30901104e+00 
 4.10327742e-01  6.40292053e-01  4.10327742e-01  7.47452569e-01  4.10327742e-01  1.56691539e-01  4.10327742e-01  1.86951180e+00 
 4.10330070e-01  6.39562096e-01  4.10330070e-01  7.47430408e-01  4.10330070e-01  1.50773241e-01  4.10330070e-01  1.67551493e+00 
 4.10333703e-01  6.38422627e-01  4.10333703e-01  7.47395439e-01  4.10333703e-01  1.41981062e-01  4.10333703e-01  1.38693713e+00 
 4.10335419e-01  6.37884444e-01  4.10335419e-01  7.47378768e-01  4.10335419e-01  1.38011311e-01  4.10335419e-01  1.25530000e+00 
 4.10336689e-01  6.37486031e-01  4.10336689e-01  7.47366363e-01  4.10336689e-01  1.35145054e-01  4.10336689e-01  1.16998083e+00 
 4.10337645e-01  6.37186331e-01  4.10337645e-01  7.47356997e-01  4.10337645e-01  1.33028724e-01  4.10337645e-01  1.10803283e+00 
 4.10339556e-01  6.36586932e-01  4.10339556e-01  7.47338199e-01  4.10339556e-01  1.30944538e-01  4.10339556e-01  1.04903241e+00 
 4.10343379e-01  6.35388134e-01  4.10343379e-01  7.47300453e-01  4.10343379e-01  1.31005549e-01  4.10343379e-01  1.05169094e+00 
 4.10351024e-01  6.32990537e-01  4.10351024e-01  7.47224528e-01  4.10351024e-01  1.31127508e-01  4.10351024e-01  1.05518718e+00 
 4.10366314e-01  6.28195343e-01  4.10366314e-01  7.47070951e-01  4.10366314e-01  1.31371178e-01  4.10366314e-01  1.06218639e+00 
 4.10396895e-01  6.18604956e-01  4.10396895e-01  7.46756884e-01  4.10396895e-01  1.31857515e-01  4.10396895e-01  1.07621100e+00 
 4.10458056e-01  5.99424182e-01  4.10458056e-01  7.46101154e-01  4.10458056e-01  1.32826161e-01  4.10458056e-01  1.10435966e+00 
 4.10580378e-01  5.61062634e-01  4.10580378e-01  7.44679655e-01  4.10580378e-01  1.34747142e-01  4.10580378e-01  1.16101140e+00 
 4.10825023e-01  4.84339537e-01  4.10825023e-01  7.41399300e-01  4.10825023e-01  1.38522319e-01  4.10825023e-01  1.27537973e+00 
 4.11314312e-01  3.30893344e-01  4.11314312e-01  7.33111265e-01  4.11314312e-01  1.45793665e-01  4.11314312e-01  1.50549354e+00 
 4.12023406e-01  1.08513992e-01  4.12023406e-01  7.17092472e-01  4.12023406e-01  1.55629811e-01  4.12023406e-01  1.83624801e+00 
 4.12373012e-01 -1.12628643e-03  4.12373012e-01  7.07479347e-01  4.12373012e-01  1.60158415e-01  4.12373012e-01  1.98742878e+00 
 4.12655429e-01 -8.96950462e-02  4.12655429e-01  6.98903418e-01  4.12655429e-01  1.63653638e-01  4.12655429e-01  2.09373504e+00 
 4.12843209e-01 -1.48584924e-01  4.12843209e-01  6.92804828e-01  4.12843209e-01  1.65894902e-01  4.12843209e-01  2.16132170e+00 
 4.13050477e-01 -2.13586441e-01  4.13050477e-01  6.85709398e-01  4.13050477e-01  1.68290351e-01  4.13050477e-01  2.22877601e+00 
 4.13093080e-01 -2.26947037e-01  4.13093080e-01  6.84195914e-01  4.13093080e-01  1.68770646e-01  4.13093080e-01  2.24188345e+00 
 4.13178285e-01 -2.53668228e-01  4.13178285e-01  6.81137055e-01  4.13178285e-01  1.69724117e-01  4.13178285e-01  2.26929919e+00 
 4.13199586e-01 -2.60348526e-01  4.13199586e-01  6.80360390e-01  4.13199586e-01  1.69959810e-01  4.13199586e-01  2.27578064e+00 
 4.13242189e-01 -2.73709121e-01  4.13242189e-01  6.78799116e-01  4.13242189e-01  1.70429405e-01  4.13242189e-01  2.28904824e+00 
 4.13252839e-01 -2.77049270e-01  4.13252839e-01  6.78405819e-01  4.13252839e-01  1.70546131e-01  4.13252839e-01  2.29227204e+00 
 4.13274140e-01 -2.83729568e-01  4.13274140e-01  6.77617243e-01  4.13274140e-01  1.70779133e-01  4.13274140e-01  2.29879607e+00 
 4.13279466e-01 -2.85399642e-01  4.13279466e-01  6.77419355e-01  4.13279466e-01  1.70837215e-01  4.13279466e-01  2.30044017e+00 
 4.13290116e-01 -2.88739791e-01  4.13290116e-01  6.77023085e-01  4.13290116e-01  1.70953266e-01  4.13290116e-01  2.30363846e+00 
 4.13301576e-01 -2.92333677e-01  4.13301576e-01  6.76594753e-01  4.13301576e-01  1.56197096e-01  4.13301576e-01  1.85346340e+00 
 4.13319334e-01 -2.97902812e-01  4.13319334e-01  6.75925376e-01  4.13319334e-01  1.33353218e-01  4.13319334e-01  1.12009242e+00 
 4.13354850e-01 -3.09041083e-01  4.13354850e-01  6.74574315e-01  4.13354850e-01  1.33828412e-01  4.13354850e-01  1.13415642e+00 
 4.13425883e-01 -3.31317625e-01  4.13425883e-01  6.71839425e-01  4.13425883e-01  1.34770523e-01  4.13425883e-01  1.16225055e+00 
 4.13515993e-01 -3.59577030e-01  4.13515993e-01  6.68307315e-01  4.13515993e-01  1.35949716e-01  4.13515993e-01  1.19792868e+00 
 4.13696213e-01 -4.16095841e-01  4.13696213e-01  6.61033781e-01  4.13696213e-01  1.38254195e-01  4.13696213e-01  1.26851655e+00 
 4.14056652e-01 -5.29133462e-01  4.14056652e-01  6.45657085e-01  4.14056652e-01  1.42644638e-01  4.14056652e-01  1.40653897e+00 
 4.14777531e-01 -7.55208704e-01  4.14777531e-01  6.11645023e-01  4.14777531e-01  1.50529787e-01  4.14777531e-01  1.66366803e+00 
 4.15722116e-01 -1.05144036e+00  4.15722116e-01  5.60672041e-01  4.15722116e-01  1.58996235e-01  4.15722116e-01  1.94684373e+00 
 4.16556351e-01 -1.31306550e+00  4.16556351e-01  5.09797274e-01  4.16556351e-01  1.64654918e-01  4.16556351e-01  2.12029077e+00 
 4.16666700e-01 -1.34767201e+00  4.16666700e-01  5.02665144e-01  4.16666700e-01  1.65273073e-01  4.16666700e-01  2.13896606e+00 
 4.16759183e-01 -1.31782287e+00  4.16759183e-01  4.96765087e-01  4.16759183e-01  1.65756953e-01  4.16759183e-01  2.15346543e+00 
 4.16944148e-01 -1.25812461e+00  4.16944148e-01  4.85196227e-01  4.16944148e-01  1.66683195e-01  4.16944148e-01  2.18114395e+00 
 4.17314079e-01 -1.13872807e+00  4.17314079e-01  4.63434568e-01  4.17314079e-01  1.68298061e-01  4.17314079e-01  2.22875677e+00 
 4.17954312e-01 -9.32090403e-01  4.17954312e-01  4.30028225e-01  4.17954312e-01  1.70422417e-01  4.17954312e-01  2.28882014e+00 
 4.18042098e-01 -9.03757200e-01  4.18042098e-01  4.25913262e-01  4.18042098e-01  1.70645073e-01  4.18042098e-01  2.29504028e+00 
 4.18217669e-01 -8.47090793e-01  4.18217669e-01  4.17880080e-01  4.18217669e-01  1.71064365e-01  4.18217669e-01  2.30676226e+00 
 4.18261562e-01 -8.32924191e-01  4.18261562e-01  4.15945419e-01  4.18261562e-01  1.71159566e-01  4.18261562e-01  2.30936564e+00 
 4.18267058e-01 -8.31150443e-01  4.18267058e-01  4.15702783e-01  4.18267058e-01  1.56839881e-01  4.18267058e-01  1.87431856e+00 
 4.18269387e-01 -8.30398601e-01  4.18269387e-01  4.15599901e-01  4.18269387e-01  1.50885987e-01  4.18269387e-01  1.67923452e+00 
 4.18273017e-01 -8.29227142e-01  4.18273017e-01  4.15439468e-01  4.18273017e-01  1.42057157e-01  4.18273017e-01  1.38937169e+00 
 4.18274732e-01 -8.28673759e-01  4.18274732e-01  4.15363630e-01  4.18274732e-01  1.38070019e-01  4.18274732e-01  1.25707148e+00 
 4.18276002e-01 -8.28263747e-01  4.18276002e-01  4.15307420e-01  4.18276002e-01  1.35188737e-01  4.18276002e-01  1.17127448e+00 
 4.18276956e-01 -8.27955751e-01  4.18276956e-01  4.15265186e-01  4.18276956e-01  1.33064237e-01  4.18276956e-01  1.10905121e+00 
 4.18278865e-01 -8.27339758e-01  4.18278865e-01  4.15180711e-01  4.18278865e-01  1.30961334e-01  4.18278865e-01  1.04951622e+00 
 4.18282682e-01 -8.26107772e-01  4.18282682e-01  4.15011860e-01  4.18282682e-01  1.30979987e-01  4.18282682e-01  1.05095916e+00 
 4.18290316e-01 -8.23643801e-01  4.18290316e-01  4.14674715e-01  4.18290316e-01  1.31017216e-01  4.18290316e-01  1.05202584e+00 
 4.18305585e-01 -8.18715858e-01  4.18305585e-01  4.14002648e-01  4.18305585e-01  1.31091358e-01  4.18305585e-01  1.05415147e+00 
 4.18336121e-01 -8.08859973e-01  4.18336121e-01  4.12667399e-01  4.18336121e-01  1.31238390e-01  4.18336121e-01  1.05837192e+00 
 4.18397195e-01 -7.89148203e-01  4.18397195e-01  4.10032386e-01  4.18397195e-01  1.31527503e-01  4.18397195e-01  1.06669050e+00 
 4.18519343e-01 -7.49724662e-01  4.18519343e-01  4.04903811e-01  4.18519343e-01  1.32086383e-01  4.18519343e-01  1.08284593e+00 
 4.18763637e-01 -6.70877580e-01  4.18763637e-01  3.95208630e-01  4.18763637e-01  1.33130410e-01  4.18763637e-01  1.11329245e+00 
 4.19252227e-01 -5.13183417e-01  4.19252227e-01  3.78035889e-01  4.19252227e-01  1.34951839e-01  4.19252227e-01  1.16726019e+00 
 4.20229407e-01 -1.97795090e-01  4.20229407e-01  3.52325643e-01  4.20229407e-01  1.37742314e-01  4.20229407e-01  1.25210381e+00 
 4.22183765e-01  4.32981564e-01  4.22183765e-01  3.33666492e-01  4.22183765e-01  1.41444494e-01  4.22183765e-01  1.36852363e+00 
 4.25000000e-01  1.34193187e+00  4.25000000e-01  3.77636099e-01  4.25000000e-01  1.47069839e-01  4.25000000e-01  1.55069739e+00 
 4.25390872e-01  1.22552828e+00  4.25390872e-01  3.87617329e-01  4.25390872e-01  1.48162764e-01  4.25390872e-01  1.58935817e+00 
 4.26172615e-01  9.92721097e-01  4.26172615e-01  4.04273561e-01  4.26172615e-01  1.50503119e-01  4.26172615e-01  1.66652603e+00 
 4.27736102e-01  5.27106732e-01  4.27736102e-01  4.18401692e-01  4.27736102e-01  1.55589294e-01  4.27736102e-01  1.83442915e+00 
 4.30534701e-01 -3.06330169e-01  4.30534701e-01  3.84468919e-01  4.30534701e-01  1.62611832e-01  4.30534701e-01  2.06255406e+00 
 4.33333300e-01 -1.13976707e+00  4.33333300e-01  2.81204415e-01  4.33333300e-01  1.62567762e-01  4.33333300e-01  2.05621740e+00 
 4.33622311e-01 -1.05302664e+00  4.33622311e-01  2.68169425e-01  4.33622311e-01  1.61952806e-01  4.33622311e-01  2.03715355e+00 
 4.34200333e-01 -8.79545792e-01  4.34200333e-01  2.44068401e-01  4.34200333e-01  1.60519027e-01  4.34200333e-01  1.99238608e+00 
 4.35356378e-01 -5.32584089e-01  4.35356378e-01  2.07385984e-01  4.35356378e-01  1.56688270e-01  4.35356378e-01  1.87111477e+00 
 4.37668467e-01  1.61339318e-01  4.37668467e-01  1.77324343e-01  4.37668467e-01  1.47484468e-01  4.37668467e-01  1.57105083e+00 
 4.41666700e-01  1.36132233e+00  4.41666700e-01  2.47660669e-01  4.41666700e-01  1.36948898e-01  4.41666700e-01  1.22026215e+00 
 4.42129118e-01  1.39123623e+00  4.42129118e-01  2.64438388e-01  4.42129118e-01  1.36705245e-01  4.42129118e-01  1.22131878e+00 
 4.43053953e-01  1.45106402e+00  4.43053953e-01  2.98238860e-01  4.43053953e-01  1.36737904e-01  4.43053953e-01  1.22233317e+00 
 4.44903625e-01  1.57071962e+00  4.44903625e-01  3.67279827e-01  4.44903625e-01  1.39779329e-01  4.44903625e-01  1.31595768e+00 
 4.47451812e-01  1.73556238e+00  4.47451812e-01  4.65414348e-01  4.47451812e-01  1.49921439e-01  4.47451812e-01  1.63842362e+00 
 4.48118188e-01  1.77867035e+00  4.48118188e-01  4.91637713e-01  4.48118188e-01  1.53639289e-01  4.48118188e-01  1.76988489e+00 
 4.49059094e-01  1.83953774e+00  4.49059094e-01  5.29043235e-01  4.49059094e-01  1.59576235e-01  4.49059094e-01  1.96476984e+00 
 4.49731304e-01  1.88302311e+00  4.49731304e-01  5.56033817e-01  4.49731304e-01  1.64294497e-01  4.49731304e-01  2.10999334e+00 
 4.50000000e-01  1.90040513e+00  4.50000000e-01  5.66883822e-01  4.50000000e-01  1.66288327e-01  4.50000000e-01  2.16997209e+00 
 4.50092578e-01  1.86782974e+00  4.50092578e-01  5.70513688e-01  4.50092578e-01  1.66992473e-01  4.50092578e-01  2.19020970e+00 
 4.50277735e-01  1.80267896e+00  4.50277735e-01  5.77545475e-01  4.50277735e-01  1.68413478e-01  4.50277735e-01  2.23198432e+00 
 4.50324024e-01  1.78639127e+00  4.50324024e-01  5.79218115e-01  4.50324024e-01  1.68773349e-01  4.50324024e-01  2.24196115e+00 
 4.50416602e-01  1.75381588e+00  4.50416602e-01  5.82506871e-01  4.50416602e-01  1.69495880e-01  4.50416602e-01  2.26273573e+00 
 4.50601758e-01  1.68866510e+00  4.50601758e-01  5.88746601e-01  4.50601758e-01  1.70956535e-01  4.50601758e-01  2.30418392e+00 
 4.50605553e-01  1.68732995e+00  4.50605553e-01  5.88869295e-01  4.50605553e-01  1.60838114e-01  4.50605553e-01  2.00215945e+00 
 4.50609763e-01  1.68584854e+00  4.50609763e-01  5.89005085e-01  4.50609763e-01  1.49992584e-01  4.50609763e-01  1.64502499e+00 
 4.50612208e-01  1.68498814e+00  4.50612208e-01  5.89083639e-01  4.50612208e-01  1.44036574e-01  4.50612208e-01  1.44202816e+00 
 4.50614316e-01  1.68424624e+00  4.50614316e-01  5.89151197e-01  4.50614316e-01  1.39092830e-01  4.50614316e-01  1.28979551e+00 
 4.50615649e-01  1.68377736e+00  4.50615649e-01  5.89193809e-01  4.50615649e-01  1.36057196e-01  4.50615649e-01  1.19557217e+00 
 4.50616785e-01  1.68337777e+00  4.50616785e-01  5.89230075e-01  4.50616785e-01  1.33522950e-01  4.50616785e-01  1.12282896e+00 
 4.50619056e-01  1.68257858e+00  4.50619056e-01  5.89302499e-01  4.50619056e-01  1.31024878e-01  4.50619056e-01  1.05095858e+00 
 4.50623598e-01  1.68098021e+00  4.50623598e-01  5.89447088e-01  4.50623598e-01  1.31073442e-01  4.50623598e-01  1.05363804e+00 
 4.50632683e-01  1.67778347e+00  4.50632683e-01  5.89735462e-01  4.50632683e-01  1.31170588e-01  4.50632683e-01  1.05642559e+00 
 4.50650853e-01  1.67138999e+00  4.50650853e-01  5.90308993e-01  4.50650853e-01  1.31364961e-01  4.50650853e-01  1.06201176e+00 
 4.50687194e-01  1.65860302e+00  4.50687194e-01  5.91443200e-01  4.50687194e-01  1.31754018e-01  4.50687194e-01  1.07322805e+00 
 4.50759874e-01  1.63302909e+00  4.50759874e-01  5.93660291e-01  4.50759874e-01  1.32533289e-01  4.50759874e-01  1.09583301e+00 
 4.50905234e-01  1.58188124e+00  4.50905234e-01  5.97890001e-01  4.50905234e-01  1.34095819e-01  4.50905234e-01  1.14170445e+00 
 4.51195955e-01  1.47958552e+00  4.51195955e-01  6.05537945e-01  4.51195955e-01  1.37231761e-01  4.51195955e-01  1.23585785e+00 
 4.51777398e-01  1.27499408e+00  4.51777398e-01  6.17638456e-01  4.51777398e-01  1.43508040e-01  4.51777398e-01  1.43175134e+00 
 4.52940282e-01  8.65811210e-01  4.52940282e-01  6.29449094e-01  4.52940282e-01  1.55786801e-01  4.52940282e-01  1.83540535e+00 
 4.53310369e-01  7.35589183e-01  4.53310369e-01  6.29812803e-01  4.53310369e-01  1.59566543e-01  4.53310369e-01  1.97232135e+00 
 4.53776284e-01  5.71647867e-01  4.53776284e-01  6.28020408e-01  4.53776284e-01  1.64180292e-01  4.53776284e-01  2.10705981e+00 
 4.53964380e-01  5.05462802e-01  4.53964380e-01  6.26594526e-01  4.53964380e-01  1.65991537e-01  4.53964380e-01  2.16512104e+00 
 4.54277035e-01  3.95449280e-01  4.54277035e-01  6.23345343e-01  4.54277035e-01  1.68927139e-01  4.54277035e-01  2.24644979e+00 
 4.54323966e-01  3.78935728e-01  4.54323966e-01  6.22751145e-01  4.54323966e-01  1.69358227e-01  4.54323966e-01  2.25870682e+00 
 4.54417828e-01  3.45908623e-01  4.54417828e-01  6.21514001e-01  4.54417828e-01  1.70215716e-01  4.54417828e-01  2.28315281e+00 
 4.54441293e-01  3.37651847e-01  4.54441293e-01  6.21186452e-01  4.54441293e-01  1.70428320e-01  4.54441293e-01  2.28897032e+00 
 4.54488224e-01  3.21138294e-01  4.54488224e-01  6.20519217e-01  4.54488224e-01  1.70852326e-01  4.54488224e-01  2.30086416e+00 
 4.54499957e-01  3.17009906e-01  4.54499957e-01  6.20347858e-01  4.54499957e-01  1.70957875e-01  4.54499957e-01  2.30376371e+00 
 4.54523423e-01  3.08753130e-01  4.54523423e-01  6.20002112e-01  4.54523423e-01  1.71168670e-01  4.54523423e-01  2.30962787e+00 
 4.54529289e-01  3.06688936e-01  4.54529289e-01  6.19913648e-01  4.54529289e-01  1.56004822e-01  4.54529289e-01  1.84721191e+00 
 4.54531542e-01  3.05896208e-01  4.54531542e-01  6.19879581e-01  4.54531542e-01  1.50288874e-01  4.54531542e-01  1.65953274e+00 
 4.54535137e-01  3.04631254e-01  4.54535137e-01  6.19824847e-01  4.54535137e-01  1.41600376e-01  4.54535137e-01  1.37483697e+00 
 4.54536810e-01  3.04042560e-01  4.54536810e-01  6.19799220e-01  4.54536810e-01  1.37732287e-01  4.54536810e-01  1.24683752e+00 
 4.54538049e-01  3.03606664e-01  4.54538049e-01  6.19780184e-01  4.54538049e-01  1.34937107e-01  4.54538049e-01  1.16383301e+00 
 4.54538984e-01  3.03277517e-01  4.54538984e-01  6.19765776e-01  4.54538984e-01  1.32864480e-01  4.54538984e-01  1.10331703e+00 
 4.54540855e-01  3.02619224e-01  4.54540855e-01  6.19736891e-01  4.54540855e-01  1.30819006e-01  4.54540855e-01  1.04547788e+00 
 4.54544597e-01  3.01302637e-01  4.54544597e-01  6.19678969e-01  4.54544597e-01  1.30862844e-01  4.54544597e-01  1.04760549e+00 
 4.54552080e-01  2.98669462e-01  4.54552080e-01  6.19562665e-01  4.54552080e-01  1.30950465e-01  4.54552080e-01  1.05011199e+00 
 4.54567047e-01  2.93403114e-01  4.54567047e-01  6.19328219e-01  4.54567047e-01  1.31125486e-01  4.54567047e-01  1.05512583e+00 
 4.54596980e-01  2.82870416e-01  4.54596980e-01  6.18851986e-01  4.54596980e-01  1.31474636e-01  4.54596980e-01  1.06515654e+00 
 4.54656848e-01  2.61805022e-01  4.54656848e-01  6.17870194e-01  4.54656848e-01  1.32169346e-01  4.54656848e-01  1.08522712e+00 
 4.54776582e-01  2.19674232e-01  4.54776582e-01  6.15789681e-01  4.54776582e-01  1.33544190e-01  4.54776582e-01  1.12538117e+00 
 4.55016050e-01  1.35412654e-01  4.55016050e-01  6.11163869e-01  4.55016050e-01  1.36233856e-01  4.55016050e-01  1.20555015e+00 
 4.55494988e-01 -3.31105040e-02  4.55494988e-01  6.00076217e-01  4.55494988e-01  1.41359865e-01  4.55494988e-01  1.36381505e+00 
 4.56452862e-01 -3.70156819e-01  4.56452862e-01  5.70737052e-01  4.56452862e-01  1.50499606e-01  4.56452862e-01  1.66046147e+00 
 4.57393081e-01 -7.00990662e-01  4.57393081e-01  5.32918571e-01  4.57393081e-01  1.57887563e-01  4.57393081e-01  1.91026468e+00 
 4.58333300e-01 -1.03182451e+00  4.58333300e-01  4.86508688e-01  4.58333300e-01  1.63536825e-01  4.58333300e-01  2.09001397e+00 
 4.58464960e-01 -9.97296490e-01  4.58464960e-01  4.79611733e-01  4.58464960e-01  1.64164727e-01  4.58464960e-01  2.10538476e+00 
 4.58728279e-01 -9.28240457e-01  4.58728279e-01  4.66198970e-01  4.58728279e-01  1.65350996e-01  4.58728279e-01  2.14148585e+00 
 4.59254917e-01 -7.90128392e-01  4.59254917e-01  4.41633515e-01  4.59254917e-01  1.67333175e-01  4.59254917e-01  2.20085775e+00 
 4.60308194e-01 -5.13904261e-01  4.60308194e-01  4.01282025e-01  4.60308194e-01  1.69990962e-01  4.60308194e-01  2.27808895e+00 
 4.60434232e-01 -4.80850655e-01  4.60434232e-01  3.97306420e-01  4.60434232e-01  1.70194337e-01  4.60434232e-01  2.28239497e+00 
 4.60686307e-01 -4.14743444e-01  4.60686307e-01  3.89675093e-01  4.60686307e-01  1.70565824e-01  4.60686307e-01  2.29285326e+00 
 4.61190457e-01 -2.82529020e-01  4.61190457e-01  3.76310503e-01  4.61190457e-01  1.71116498e-01  4.61190457e-01  2.30823741e+00 
 4.61193253e-01 -2.81795795e-01  4.61193253e-01  3.76243442e-01  4.61193253e-01  1.71118870e-01  4.61193253e-01  2.30823675e+00 
 4.61198845e-01 -2.80329346e-01  4.61198845e-01  3.76109471e-01  4.61198845e-01  1.71123600e-01  4.61198845e-01  2.30836801e+00 
 4.61210028e-01 -2.77396448e-01  4.61210028e-01  3.75842449e-01  4.61210028e-01  1.71132980e-01  4.61210028e-01  2.30862827e+00 
 4.61232395e-01 -2.71530651e-01  4.61232395e-01  3.75312074e-01  4.61232395e-01  1.71151422e-01  4.61232395e-01  2.30913987e+00 
 4.61237987e-01 -2.70064202e-01  4.61237987e-01  3.75180397e-01  4.61237987e-01  1.71155954e-01  4.61237987e-01  2.30926568e+00 
 4.61249170e-01 -2.67131304e-01  4.61249170e-01  3.74917654e-01  4.61249170e-01  1.71164964e-01  4.61249170e-01  2.30951533e+00 
 4.61259910e-01 -2.64314921e-01  4.61259910e-01  3.74665746e-01  4.61259910e-01  1.57143473e-01  4.61259910e-01  1.88414368e+00 
 4.61278102e-01 -2.59543781e-01  4.61278102e-01  3.74238131e-01  4.61278102e-01  1.33413398e-01  4.61278102e-01  1.12187422e+00 
 4.61314488e-01 -2.50001501e-01  4.61314488e-01  3.73388293e-01  4.61314488e-01  1.33534916e-01  4.61314488e-01  1.12547349e+00 
 4.61387260e-01 -2.30916941e-01  4.61387260e-01  3.71727426e-01  4.61387260e-01  1.33774011e-01  4.61387260e-01  1.13256907e+00 
 4.61477854e-01 -2.07158497e-01  4.61477854e-01  3.69731913e-01  4.61477854e-01  1.34064501e-01  4.61477854e-01  1.14122330e+00 
 4.61659042e-01 -1.59641610e-01  4.61659042e-01  3.65979457e-01  4.61659042e-01  1.34622868e-01  4.61659042e-01  1.15791326e+00 
 4.62021417e-01 -6.46078340e-02  4.62021417e-01  3.59419349e-01  4.62021417e-01  1.35657595e-01  4.62021417e-01  1.18907978e+00 
 4.62746169e-01  1.25459717e-01  4.62746169e-01  3.50004079e-01  4.62746169e-01  1.37463732e-01  4.62746169e-01  1.24422377e+00 
 4.64195671e-01  5.05594820e-01  4.64195671e-01  3.45423348e-01  4.64195671e-01  1.40498158e-01  4.64195671e-01  1.33885524e+00 
 4.66666700e-01  1.15362740e+00  4.66666700e-01  3.78537494e-01  4.66666700e-01  1.46115728e-01  4.66666700e-01  1.51900306e+00 
 4.66956600e-01  1.16413299e+00  4.66956600e-01  3.85371691e-01  4.66956600e-01  1.46929064e-01  4.66956600e-01  1.54875502e+00 
 4.67536401e-01  1.18514417e+00  4.67536401e-01  3.99075964e-01  4.67536401e-01  1.48653995e-01  4.67536401e-01  1.60549488e+00 
 4.68696003e-01  1.22716652e+00  4.68696003e-01  4.26697751e-01  4.68696003e-01  1.52674904e-01  4.68696003e-01  1.73818646e+00 
 4.70280486e-01  1.28458597e+00  4.70280486e-01  4.64891387e-01  4.70280486e-01  1.59329222e-01  4.70280486e-01  1.95609356e+00 
 4.70614008e-01  1.29667234e+00  4.70614008e-01  4.72996368e-01  4.70614008e-01  1.60893612e-01  4.70614008e-01  2.00390705e+00 
 4.71281052e-01  1.32084509e+00  4.71281052e-01  4.89273243e-01  4.71281052e-01  1.64182839e-01  4.71281052e-01  2.10745787e+00 
 4.71443630e-01  1.32673669e+00  4.71443630e-01  4.93256456e-01  4.71443630e-01  1.65022608e-01  4.71443630e-01  2.13134848e+00 
 4.71768786e-01  1.33851988e+00  4.71768786e-01  5.01233311e-01  4.71768786e-01  1.66726447e-01  4.71768786e-01  2.18279004e+00 
 4.72186263e-01  1.35364867e+00  4.72186263e-01  5.11505483e-01  4.72186263e-01  1.68984520e-01  4.72186263e-01  2.24838062e+00 
 4.72262812e-01  1.35642271e+00  4.72262812e-01  5.13393279e-01  4.72262812e-01  1.69408365e-01  4.72262812e-01  2.26013567e+00 
 4.72415911e-01  1.36197080e+00  4.72415911e-01  5.17171147e-01  4.72415911e-01  1.70261232e-01  4.72415911e-01  2.28443188e+00 
 4.72454186e-01  1.36335782e+00  4.72454186e-01  5.18116468e-01  4.72454186e-01  1.70476387e-01  4.72454186e-01  2.29031815e+00 
 4.72530735e-01  1.36613187e+00  4.72530735e-01  5.20007677e-01  4.72530735e-01  1.70907980e-01  4.72530735e-01  2.30241581e+00 
 4.72549873e-01  1.36682538e+00  4.72549873e-01  5.20480692e-01  4.72549873e-01  1.71016359e-01  4.72549873e-01  2.30538996e+00 
 4.72552057e-01  1.36690455e+00  4.72552057e-01  5.20534690e-01  4.72552057e-01  1.71028733e-01  4.72552057e-01  2.30573382e+00 
 4.72556427e-01  1.36706288e+00  4.72556427e-01  5.20642688e-01  4.72556427e-01  1.71053485e-01  4.72556427e-01  2.30642164e+00 
 4.72565165e-01  1.36737955e+00  4.72565165e-01  5.20858695e-01  4.72565165e-01  1.71103015e-01  4.72565165e-01  2.30779731e+00 
 4.72578953e-01  1.36787921e+00  4.72578953e-01  5.21198339e-01  4.72578953e-01  1.53578548e-01  4.72578953e-01  1.76789086e+00 
 4.72595129e-01  1.36846542e+00  4.72595129e-01  5.21593765e-01  4.72595129e-01  1.33040082e-01  4.72595129e-01  1.11084345e+00 
 4.72627482e-01  1.36963782e+00  4.72627482e-01  5.22381458e-01  4.72627482e-01  1.33308585e-01  4.72627482e-01  1.11875798e+00 
 4.72692186e-01  1.37198263e+00  4.72692186e-01  5.23957584e-01  4.72692186e-01  1.33846357e-01  4.72692186e-01  1.13467878e+00 
 4.72778624e-01  1.37511499e+00  4.72778624e-01  5.26064623e-01  4.72778624e-01  1.34566344e-01  4.72778624e-01  1.15617597e+00 
 4.72951498e-01  1.38137971e+00  4.72951498e-01  5.30283951e-01  4.72951498e-01  1.36011756e-01  4.72951498e-01  1.19969907e+00 
 4.73297246e-01  1.39390916e+00  4.73297246e-01  5.38743462e-01  4.73297246e-01  1.38924162e-01  4.73297246e-01  1.28902856e+00 
 4.73988744e-01  1.41896805e+00  4.73988744e-01  5.55744726e-01  4.73988744e-01  1.44833974e-01  4.73988744e-01  1.47611925e+00 
 4.75000000e-01  1.45561457e+00  4.75000000e-01  5.80800734e-01  4.75000000e-01  1.53675735e-01  4.75000000e-01  1.76881056e+00 
 4.75138299e-01  1.41213385e+00  4.75138299e-01  5.84024830e-01  4.75138299e-01  1.54904162e-01  4.75138299e-01  1.81140102e+00 
 4.75414898e-01  1.32517241e+00  4.75414898e-01  5.90039488e-01  4.75414898e-01  1.57365484e-01  4.75414898e-01  1.89176759e+00 
 4.75968096e-01  1.15124952e+00  4.75968096e-01  5.99498428e-01  4.75968096e-01  1.62291173e-01  4.75968096e-01  2.05038879e+00 
 4.76236311e-01  1.06692392e+00  4.76236311e-01  6.02865371e-01  4.76236311e-01  1.64669766e-01  4.76236311e-01  2.12591317e+00 
 4.76569574e-01  9.62147485e-01  4.76569574e-01  6.05960711e-01  4.76569574e-01  1.67600658e-01  4.76569574e-01  2.20860695e+00 
 4.76633071e-01  9.42184491e-01  4.76633071e-01  6.06393163e-01  4.76633071e-01  1.68154509e-01  4.76633071e-01  2.22408951e+00 
 4.76760063e-01  9.02258503e-01  4.76760063e-01  6.07172121e-01  4.76760063e-01  1.69259066e-01  4.76760063e-01  2.25612731e+00 
 4.76791812e-01  8.92277006e-01  4.76791812e-01  6.07334674e-01  4.76791812e-01  1.69533995e-01  4.76791812e-01  2.26371126e+00 
 4.76855308e-01  8.72314012e-01  4.76855308e-01  6.07638411e-01  4.76855308e-01  1.70082983e-01  4.76855308e-01  2.27932155e+00 
 4.76982301e-01  8.32388025e-01  4.76982301e-01  6.08118012e-01  4.76982301e-01  1.71175496e-01  4.76982301e-01  2.30980731e+00 
 4.76985565e-01  8.31361895e-01  4.76985565e-01  6.08127751e-01  4.76985565e-01  1.62389609e-01  4.76985565e-01  2.06711994e+00 
 4.76990708e-01  8.29745000e-01  4.76990708e-01  6.08142614e-01  4.76990708e-01  1.49115569e-01  4.76990708e-01  1.62034303e+00 
 4.76993152e-01  8.28976578e-01  4.76993152e-01  6.08149345e-01  4.76993152e-01  1.43198840e-01  4.76993152e-01  1.41682626e+00 
 4.76995192e-01  8.28335045e-01  4.76995192e-01  6.08154807e-01  4.76995192e-01  1.38441030e-01  4.76995192e-01  1.27003478e+00 
 4.76996470e-01  8.27933331e-01  4.76996470e-01  6.08158156e-01  4.76996470e-01  1.35543474e-01  4.76996470e-01  1.18052065e+00 
 4.76997535e-01  8.27598402e-01  4.76997535e-01  6.08160907e-01  4.76997535e-01  1.33174495e-01  4.76997535e-01  1.11262298e+00 
 4.76999666e-01  8.26928545e-01  4.76999666e-01  6.08166323e-01  4.76999666e-01  1.30838663e-01  4.76999666e-01  1.04577952e+00 
 4.77003927e-01  8.25588831e-01  4.77003927e-01  6.08176961e-01  4.77003927e-01  1.30886943e-01  4.77003927e-01  1.04829479e+00 
 4.77012450e-01  8.22909402e-01  4.77012450e-01  6.08197666e-01  4.77012450e-01  1.30983466e-01  4.77012450e-01  1.05105694e+00 
 4.77029495e-01  8.17550545e-01  4.77029495e-01  6.08236797e-01  4.77029495e-01  1.31176360e-01  4.77029495e-01  1.05658564e+00 
 4.77063585e-01  8.06832831e-01  4.77063585e-01  6.08305942e-01  4.77063585e-01  1.31561536e-01  4.77063585e-01  1.06766014e+00 
 4.77131764e-01  7.85397403e-01  4.77131764e-01  6.08407836e-01  4.77131764e-01  1.32329397e-01  4.77131764e-01  1.08987408e+00 
 4.77268124e-01  7.42526547e-01  4.77268124e-01  6.08466567e-01  4.77268124e-01  1.33854799e-01  4.77268124e-01  1.13453296e+00 
 4.77540843e-01  6.56784834e-01  4.77540843e-01  6.08007987e-01  4.77540843e-01  1.36861556e-01  4.77540843e-01  1.22454102e+00 
 4.78086282e-01  4.85301409e-01  4.78086282e-01  6.04819645e-01  4.78086282e-01  1.42677499e-01  4.78086282e-01  1.40540327e+00 
 4.79177159e-01  1.42334559e-01  4.79177159e-01  5.89614329e-01  4.79177159e-01  1.53360040e-01  4.79177159e-01  1.75514020e+00 
 4.79805323e-01 -5.51575670e-02  4.79805323e-01  5.75648152e-01  4.79805323e-01  1.58858721e-01  4.79805323e-01  1.94563158e+00 
 4.80382808e-01 -2.36716258e-01  4.80382808e-01  5.59565521e-01  4.80382808e-01  1.63425954e-01  4.80382808e-01  2.08488114e+00 
 4.80769031e-01 -3.58142836e-01  4.80769031e-01  5.47112089e-01  4.80769031e-01  1.66199961e-01  4.80769031e-01  2.16893809e+00 
 4.81079703e-01 -4.55816730e-01  4.81079703e-01  5.36125531e-01  4.81079703e-01  1.68258667e-01  4.81079703e-01  2.22838011e+00 
 4.81152360e-01 -4.78659990e-01  4.81152360e-01  5.33409396e-01  4.81152360e-01  1.68712894e-01  4.81152360e-01  2.24022218e+00 
 4.81297676e-01 -5.24346509e-01  4.81297676e-01  5.27884518e-01  4.81297676e-01  1.69603545e-01  4.81297676e-01  2.26585282e+00 
 4.81334005e-01 -5.35768139e-01  4.81334005e-01  5.26468624e-01  4.81334005e-01  1.69819506e-01  4.81334005e-01  2.27181237e+00 
 4.81406662e-01 -5.58611399e-01  4.81406662e-01  5.23613821e-01  4.81406662e-01  1.70246911e-01  4.81406662e-01  2.28391362e+00 
 4.81551978e-01 -6.04297918e-01  4.81551978e-01  5.17766553e-01  4.81551978e-01  1.71074413e-01  4.81551978e-01  2.30715190e+00 
 4.81556519e-01 -6.05725622e-01  4.81556519e-01  5.17580238e-01  4.81556519e-01  1.59086959e-01  4.81556519e-01  1.94661123e+00 
 4.81559502e-01 -6.06663469e-01  4.81559502e-01  5.17457696e-01  4.81559502e-01  1.51403884e-01  4.81559502e-01  1.69631600e+00 
 4.81562377e-01 -6.07567306e-01  4.81562377e-01  5.17339313e-01  4.81562377e-01  1.44353133e-01  4.81562377e-01  1.45767398e+00 
 4.81564433e-01 -6.08213845e-01  4.81564433e-01  5.17254464e-01  4.81564433e-01  1.39513724e-01  4.81564433e-01  1.30216397e+00 
 4.81565918e-01 -6.08680647e-01  4.81565918e-01  5.17193119e-01  4.81565918e-01  1.36121723e-01  4.81565918e-01  1.19850000e+00 
 4.81566844e-01 -6.08971648e-01  4.81566844e-01  5.17154842e-01  4.81566844e-01  1.34049405e-01  4.81566844e-01  1.13671534e+00 
 4.81567991e-01 -6.09332265e-01  4.81567991e-01  5.17107372e-01  4.81567991e-01  1.31525355e-01  4.81567991e-01  1.06615387e+00 
 4.81569732e-01 -6.09879698e-01  4.81569732e-01  5.17035249e-01  4.81569732e-01  1.29635188e-01  4.81569732e-01  1.01204487e+00 
 4.81573214e-01 -6.10974563e-01  4.81573214e-01  5.16890892e-01  4.81573214e-01  1.29664346e-01  4.81573214e-01  1.01363072e+00 
 4.81580179e-01 -6.13164294e-01  4.81580179e-01  5.16601864e-01  4.81580179e-01  1.29722590e-01  4.81580179e-01  1.01526705e+00 
 4.81594109e-01 -6.17543755e-01  4.81594109e-01  5.16022559e-01  4.81594109e-01  1.29838793e-01  4.81594109e-01  1.01853502e+00 
 4.81621968e-01 -6.26302678e-01  4.81621968e-01  5.14858949e-01  4.81621968e-01  1.30070059e-01  4.81621968e-01  1.02505195e+00 
 4.81677688e-01 -6.43820524e-01  4.81677688e-01  5.12511757e-01  4.81677688e-01  1.30528019e-01  4.81677688e-01  1.03800820e+00 
 4.81789126e-01 -6.78856215e-01  4.81789126e-01  5.07737714e-01  4.81789126e-01  1.31425551e-01  4.81789126e-01  1.06359744e+00 
 4.82012002e-01 -7.48927597e-01  4.82012002e-01  4.97872805e-01  4.82012002e-01  1.33146300e-01  4.82012002e-01  1.11338244e+00 
 4.82457755e-01 -8.89070362e-01  4.82457755e-01  4.76890018e-01  4.82457755e-01  1.36284620e-01  4.82457755e-01  1.20661136e+00 
 4.83333300e-01 -1.16433765e+00  4.83333300e-01  4.30919464e-01  4.83333300e-01  1.41230052e-01  4.83333300e-01  1.35992309e+00 
 4.83422451e-01 -1.13994673e+00  4.83422451e-01  4.26012398e-01  4.83422451e-01  1.41633204e-01  4.83422451e-01  1.37642647e+00 
 4.83600752e-01 -1.09116489e+00  4.83600752e-01  4.16381126e-01  4.83600752e-01  1.42406178e-01  4.83600752e-01  1.40125128e+00 
 4.83957354e-01 -9.93601203e-01  4.83957354e-01  3.98206998e-01  4.83957354e-01  1.43760943e-01  4.83957354e-01  1.44500471e+00 
 4.84670559e-01 -7.98473832e-01  4.84670559e-01  3.66126530e-01  4.84670559e-01  1.45790638e-01  4.84670559e-01  1.51112087e+00 
 4.86096969e-01 -4.08219090e-01  4.86096969e-01  3.18377839e-01  4.86096969e-01  1.47757439e-01  4.86096969e-01  1.57586489e+00 
 4.88949788e-01  3.72290395e-01  4.88949788e-01  2.83669280e-01  4.88949788e-01  1.47594610e-01  4.88949788e-01  1.57068252e+00 
 4.91666700e-01  1.11561650e+00  4.91666700e-01  3.19544375e-01  4.91666700e-01  1.47514878e-01  4.91666700e-01  1.56805824e+00 
 4.92237264e-01  9.77538709e-01  4.92237264e-01  3.30801731e-01  4.92237264e-01  1.48034674e-01  4.92237264e-01  1.58516941e+00 
 4.93378392e-01  7.01383136e-01  4.93378392e-01  3.47655077e-01  4.93378392e-01  1.49343758e-01  4.93378392e-01  1.62831070e+00 
 4.95660647e-01  1.49071988e-01  4.95660647e-01  3.48998003e-01  4.95660647e-01  1.52319916e-01  4.95660647e-01  1.72654155e+00 
 5.00000000e-01 -9.01061400e-01  5.00000000e-01  2.45304703e-01  5.00000000e-01  1.50417223e-01  5.00000000e-01  1.66384846e+00 
 5.00456451e-01 -7.48230202e-01  5.00456451e-01  2.30051348e-01  5.00456451e-01  1.49261862e-01  5.00456451e-01  1.62564379e+00 
 5.01369353e-01 -4.42567804e-01  5.01369353e-01  2.04685099e-01  5.01369353e-01  1.46646759e-01  5.01369353e-01  1.53936362e+00 
 5.03195158e-01  1.68756991e-01  5.03195158e-01  1.83614050e-01  5.03195158e-01  1.40547103e-01  5.03195158e-01  1.33912263e+00 
 5.05764229e-01  1.02894593e+00  5.05764229e-01  2.16165627e-01  5.05764229e-01  1.33601021e-01  5.05764229e-01  1.12049960e+00 
 5.08333300e-01  1.88913487e+00  5.08333300e-01  3.14970721e-01  5.08333300e-01  1.32946504e-01  5.08333300e-01  1.10800547e+00 
 5.08847114e-01  1.90039559e+00  5.08847114e-01  3.40623863e-01  5.08847114e-01  1.34073027e-01  5.08847114e-01  1.14125206e+00 
 5.09874743e-01  1.92291704e+00  5.09874743e-01  3.91205152e-01  5.09874743e-01  1.37086579e-01  5.09874743e-01  1.23149547e+00 
 5.11929999e-01  1.96795994e+00  5.11929999e-01  4.88243859e-01  5.11929999e-01  1.47245323e-01  5.11929999e-01  1.54692123e+00 
 5.12664625e-01  1.98405995e+00  5.12664625e-01  5.21656487e-01  5.12664625e-01  1.52096898e-01  5.12664625e-01  1.71915708e+00 
 5.13508738e-01  2.00255949e+00  5.13508738e-01  5.59283286e-01  5.13508738e-01  1.58350683e-01  5.13508738e-01  1.92669670e+00 
 5.13740563e-01  2.00764014e+00  5.13740563e-01  5.69477274e-01  5.13740563e-01  1.60188875e-01  5.13740563e-01  1.99949984e+00 
 5.14204212e-01  2.01780144e+00  5.14204212e-01  5.89690690e-01  5.14204212e-01  1.64010571e-01  5.14204212e-01  2.10267546e+00 
 5.14319642e-01  2.02033121e+00  5.14319642e-01  5.94680153e-01  5.14319642e-01  1.64997254e-01  5.14319642e-01  2.13058287e+00 
 5.14550503e-01  2.02539074e+00  5.14550503e-01  6.04631075e-01  5.14550503e-01  1.66993163e-01  5.14550503e-01  2.19086031e+00 
 5.14752645e-01  2.02982088e+00  5.14752645e-01  6.13298385e-01  5.14752645e-01  1.68777406e-01  5.14752645e-01  2.24326338e+00 
 5.14800889e-01  2.03087818e+00  5.14800889e-01  6.15359465e-01  5.14800889e-01  1.69209155e-01  5.14800889e-01  2.25445229e+00 
 5.14897376e-01  2.03299279e+00  5.14897376e-01  6.19476836e-01  5.14897376e-01  1.70076413e-01  5.14897376e-01  2.27923104e+00 
 5.14921497e-01  2.03352144e+00  5.14921497e-01  6.20504385e-01  5.14921497e-01  1.70294635e-01  5.14921497e-01  2.28521643e+00 
 5.14969741e-01  2.03457874e+00  5.14969741e-01  6.22558292e-01  5.14969741e-01  1.70732008e-01  5.14969741e-01  2.29751061e+00 
 5.14981802e-01  2.03484306e+00  5.14981802e-01  6.23071323e-01  5.14981802e-01  1.70841700e-01  5.14981802e-01  2.30052885e+00 
 5.15005923e-01  2.03537171e+00  5.15005923e-01  6.24097086e-01  5.15005923e-01  1.71061316e-01  5.15005923e-01  2.30664962e+00 
 5.15011954e-01  2.03550388e+00  5.15011954e-01  6.24353416e-01  5.15011954e-01  1.71116306e-01  5.15011954e-01  2.30816562e+00 
 5.15024015e-01  2.03576820e+00  5.15024015e-01  6.24865060e-01  5.15024015e-01  1.55622834e-01  5.15024015e-01  1.83477526e+00 
 5.15041431e-01  2.03614989e+00  5.15041431e-01  6.25600302e-01  5.15041431e-01  1.33272952e-01  5.15041431e-01  1.11771807e+00 
 5.15076263e-01  2.03691327e+00  5.15076263e-01  6.27065969e-01  5.15076263e-01  1.33682466e-01  5.15076263e-01  1.12982566e+00 
 5.15145927e-01  2.03844003e+00  5.15145927e-01  6.29993758e-01  5.15145927e-01  1.34503665e-01  5.15145927e-01  1.15426402e+00 
 5.15235241e-01  2.04039743e+00  5.15235241e-01  6.33740492e-01  5.15235241e-01  1.35560702e-01  5.15235241e-01  1.18612389e+00 
 5.15413870e-01  2.04431224e+00  5.15413870e-01  6.41210874e-01  5.15413870e-01  1.37688732e-01  5.15413870e-01  1.25100119e+00 
 5.15771126e-01  2.05214186e+00  5.15771126e-01  6.56060300e-01  5.15771126e-01  1.41999102e-01  5.15771126e-01  1.38569959e+00 
 5.16218913e-01  2.06195553e+00  5.16218913e-01  6.74503255e-01  5.16218913e-01  1.47500090e-01  5.16218913e-01  1.56516361e+00 
 5.16666700e-01  2.07176920e+00  5.16666700e-01  6.92761480e-01  5.16666700e-01  1.53105068e-01  5.16666700e-01  1.75207432e+00 
 5.16756257e-01  2.07076638e+00  5.16756257e-01  6.96378839e-01  5.16756257e-01  1.54240019e-01  5.16756257e-01  1.78964504e+00 
 5.16935372e-01  2.06876075e+00  5.16935372e-01  7.03581657e-01  5.16935372e-01  1.56517486e-01  5.16935372e-01  1.86420472e+00 
 5.17293602e-01  2.06474947e+00  5.17293602e-01  7.17797440e-01  5.17293602e-01  1.61116138e-01  5.17293602e-01  2.01307309e+00 
 5.17472005e-01  2.06275179e+00  5.17472005e-01  7.24783446e-01  5.17472005e-01  1.63427255e-01  5.17472005e-01  2.09044566e+00 
 5.17769559e-01  2.05941993e+00  5.17769559e-01  7.36298711e-01  5.17769559e-01  1.67310677e-01  5.17769559e-01  2.19959235e+00 
 5.17814815e-01  2.05891317e+00  5.17814815e-01  7.38033307e-01  5.17814815e-01  1.67904788e-01  5.17814815e-01  2.21683378e+00 
 5.17905328e-01  2.05789965e+00  5.17905328e-01  7.41494722e-01  5.17905328e-01  1.69094553e-01  5.17905328e-01  2.25146241e+00 
 5.17927957e-01  2.05764627e+00  5.17927957e-01  7.42357161e-01  5.17927957e-01  1.69392569e-01  5.17927957e-01  2.25968563e+00 
 5.17973213e-01  2.05713951e+00  5.17973213e-01  7.44080103e-01  5.17973213e-01  1.69988979e-01  5.17973213e-01  2.27667995e+00 
 5.17984528e-01  2.05701282e+00  5.17984528e-01  7.44510113e-01  5.17984528e-01  1.70138223e-01  5.17984528e-01  2.28081456e+00 
 5.18007156e-01  2.05675944e+00  5.18007156e-01  7.45369649e-01  5.18007156e-01  1.70436804e-01  5.18007156e-01  2.28922756e+00 
 5.18052412e-01  2.05625267e+00  5.18052412e-01  7.47085825e-01  5.18052412e-01  1.71034522e-01  5.18052412e-01  2.30597276e+00 
 5.18057727e-01  2.05619316e+00  5.18057727e-01  7.47286360e-01  5.18057727e-01  1.57211188e-01  5.18057727e-01  1.88633285e+00 
 5.18060115e-01  2.05616643e+00  5.18060115e-01  7.47376343e-01  5.18060115e-01  1.51124424e-01  5.18060115e-01  1.68709974e+00 
 5.18063760e-01  2.05612561e+00  5.18063760e-01  7.47513484e-01  5.18063760e-01  1.42282276e-01  5.18063760e-01  1.39649367e+00 
 5.18065508e-01  2.05610604e+00  5.18065508e-01  7.47579098e-01  5.18065508e-01  1.38232134e-01  5.18065508e-01  1.26201166e+00 
 5.18066801e-01  2.05609156e+00  5.18066801e-01  7.47627585e-01  5.18066801e-01  1.35311403e-01  5.18066801e-01  1.17490277e+00 
 5.18067772e-01  2.05608068e+00  5.18067772e-01  7.47664011e-01  5.18067772e-01  1.33156795e-01  5.18067772e-01  1.11172448e+00 
 5.18068573e-01  2.05607172e+00  5.18068573e-01  7.47694002e-01  5.18068573e-01  1.31407869e-01  5.18068573e-01  1.06195246e+00 
 5.18070174e-01  2.05605379e+00  5.18070174e-01  7.47753953e-01  5.18070174e-01  1.29683497e-01  5.18070174e-01  1.01352054e+00 
 5.18073377e-01  2.05601792e+00  5.18073377e-01  7.47873813e-01  5.18073377e-01  1.29734942e-01  5.18073377e-01  1.01561455e+00 
 5.18079782e-01  2.05594620e+00  5.18079782e-01  7.48113477e-01  5.18079782e-01  1.29837836e-01  5.18079782e-01  1.01850870e+00 
 5.18092592e-01  2.05580276e+00  5.18092592e-01  7.48592578e-01  5.18092592e-01  1.30043643e-01  5.18092592e-01  1.02430781e+00 
 5.18118213e-01  2.05551588e+00  5.18118213e-01  7.49549879e-01  5.18118213e-01  1.30455329e-01  5.18118213e-01  1.03594904e+00 
 5.18169454e-01  2.05494210e+00  5.18169454e-01  7.51460879e-01  5.18169454e-01  1.31278989e-01  5.18169454e-01  1.05940195e+00 
 5.18271935e-01  2.05379456e+00  5.18271935e-01  7.55268506e-01  5.18271935e-01  1.32927420e-01  5.18271935e-01  1.10697633e+00 
 5.18476899e-01  2.05149948e+00  5.18476899e-01  7.62826599e-01  5.18476899e-01  1.36228447e-01  5.18476899e-01  1.20468408e+00 
 5.18886826e-01  2.04690932e+00  5.18886826e-01  7.77716693e-01  5.18886826e-01  1.42844965e-01  5.18886826e-01  1.40927661e+00 
 5.19706681e-01  2.03772898e+00  5.19706681e-01  8.06612463e-01  5.19706681e-01  1.56119132e-01  5.19706681e-01  1.84468078e+00 
 5.19887788e-01  2.03570103e+00  5.19887788e-01  8.12838617e-01  5.19887788e-01  1.59057114e-01  5.19887788e-01  1.96079685e+00 
 5.20250003e-01  2.03164513e+00  5.20250003e-01  8.25124882e-01  5.20250003e-01  1.64935723e-01  5.20250003e-01  2.13342342e+00 
 5.20360432e-01  2.03040860e+00  5.20360432e-01  8.28826867e-01  5.20360432e-01  1.66728432e-01  5.20360432e-01  2.18647051e+00 
 5.20504089e-01  2.02880000e+00  5.20504089e-01  8.33612492e-01  5.20504089e-01  1.69060632e-01  5.20504089e-01  2.25054014e+00 
 5.20530601e-01  2.02850313e+00  5.20530601e-01  8.34491393e-01  5.20530601e-01  1.69491050e-01  5.20530601e-01  2.26248975e+00 
 5.20583626e-01  2.02790938e+00  5.20583626e-01  8.36246883e-01  5.20583626e-01  1.70351878e-01  5.20583626e-01  2.28698271e+00 
 5.20596883e-01  2.02776094e+00  5.20596883e-01  8.36684889e-01  5.20596883e-01  1.70567082e-01  5.20596883e-01  2.29285856e+00 
 5.20623395e-01  2.02746407e+00  5.20623395e-01  8.37560323e-01  5.20623395e-01  1.70997485e-01  5.20623395e-01  2.30490587e+00 
 5.20630023e-01  2.02738985e+00  5.20630023e-01  8.37778965e-01  5.20630023e-01  1.71105085e-01  5.20630023e-01  2.30785422e+00 
 5.20643280e-01  2.02724141e+00  5.20643280e-01  8.38214978e-01  5.20643280e-01  1.54315051e-01  5.20643280e-01  1.79204422e+00 
 5.20660024e-01  2.02705392e+00  5.20660024e-01  8.38762088e-01  5.20660024e-01  1.33129118e-01  5.20660024e-01  1.11346946e+00 
 5.20693513e-01  2.02667893e+00  5.20693513e-01  8.39851366e-01  5.20693513e-01  1.33760654e-01  5.20693513e-01  1.13210653e+00 
 5.20760490e-01  2.02592894e+00  5.20760490e-01  8.42024565e-01  5.20760490e-01  1.35023032e-01  5.20760490e-01  1.16973800e+00 
 5.20848606e-01  2.02494227e+00  5.20848606e-01  8.44872789e-01  5.20848606e-01  1.36682403e-01  5.20848606e-01  1.22015550e+00 
 5.21024838e-01  2.02296891e+00  5.21024838e-01  8.50532439e-01  5.21024838e-01  1.39996191e-01  5.21024838e-01  1.32257504e+00 
 5.21377302e-01  2.01902219e+00  5.21377302e-01  8.61705896e-01  5.21377302e-01  1.46603179e-01  5.21377302e-01  1.53374040e+00 
 5.21871927e-01  2.01348362e+00  5.21871927e-01  8.77062657e-01  5.21871927e-01  1.55826197e-01  5.21871927e-01  1.84302879e+00 
 5.22059050e-01  2.01138830e+00  5.22059050e-01  8.82774977e-01  5.22059050e-01  1.59299922e-01  5.22059050e-01  1.96559282e+00 
 5.22331846e-01  2.00833367e+00  5.22331846e-01  8.91008394e-01  5.22331846e-01  1.64348028e-01  5.22331846e-01  2.11153778e+00 
 5.22378306e-01  2.00781344e+00  5.22378306e-01  8.92397938e-01  5.22378306e-01  1.65205561e-01  5.22378306e-01  2.13686618e+00 
 5.22471225e-01  2.00677297e+00  5.22471225e-01  8.95170631e-01  5.22471225e-01  1.66919478e-01  5.22471225e-01  2.18850105e+00 
 5.22593190e-01  2.00540727e+00  5.22593190e-01  8.98790663e-01  5.22593190e-01  1.69165639e-01  5.22593190e-01  2.25350419e+00 
 5.22614855e-01  2.00516468e+00  5.22614855e-01  8.99431049e-01  5.22614855e-01  1.69564140e-01  5.22614855e-01  2.26456823e+00 
 5.22658184e-01  2.00467950e+00  5.22658184e-01  9.00710441e-01  5.22658184e-01  1.70360887e-01  5.22658184e-01  2.28721330e+00 
 5.22669016e-01  2.00455821e+00  5.22669016e-01  9.01029773e-01  5.22669016e-01  1.70559978e-01  5.22669016e-01  2.29265973e+00 
 5.22690681e-01  2.00431562e+00  5.22690681e-01  9.01668091e-01  5.22690681e-01  1.70958096e-01  5.22690681e-01  2.30380455e+00 
 5.22696097e-01  2.00425497e+00  5.22696097e-01  9.01827542e-01  5.22696097e-01  1.71057601e-01  5.22696097e-01  2.30664430e+00 
 5.22706929e-01  2.00413367e+00  5.22706929e-01  9.02145591e-01  5.22706929e-01  1.57108186e-01  5.22706929e-01  1.88300256e+00 
 5.22725333e-01  2.00392760e+00  5.22725333e-01  9.02682042e-01  5.22725333e-01  1.33432558e-01  5.22725333e-01  1.12244178e+00 
 5.22762140e-01  2.00351545e+00  5.22762140e-01  9.03749070e-01  5.22762140e-01  1.34204147e-01  5.22762140e-01  1.14530124e+00 
 5.22835755e-01  2.00269115e+00  5.22835755e-01  9.05877364e-01  5.22835755e-01  1.35745429e-01  5.22835755e-01  1.19151842e+00 
 5.22927551e-01  2.00166326e+00  5.22927551e-01  9.08520567e-01  5.22927551e-01  1.37663825e-01  5.22927551e-01  1.25037043e+00 
 5.23111143e-01  1.99960749e+00  5.23111143e-01  9.13771407e-01  5.23111143e-01  1.41488744e-01  5.23111143e-01  1.36981046e+00 
 5.23478326e-01  1.99549595e+00  5.23478326e-01  9.24132123e-01  5.23478326e-01  1.49090766e-01  5.23478326e-01  1.61554599e+00 
 5.23766585e-01  1.99226816e+00  5.23766585e-01  9.32135385e-01  5.23766585e-01  1.55013784e-01  5.23766585e-01  1.82613959e+00 
 5.23983161e-01  1.98984305e+00  5.23983161e-01  9.38073808e-01  5.23983161e-01  1.59437652e-01  5.23983161e-01  1.96617440e+00 
 5.24149897e-01  1.98797602e+00  5.24149897e-01  9.42602417e-01  5.24149897e-01  1.62828041e-01  5.24149897e-01  2.06973056e+00 
 5.24278042e-01  1.98654112e+00  5.24278042e-01  9.46057485e-01  5.24278042e-01  1.65424555e-01  5.24278042e-01  2.14692067e+00 
 5.24376634e-01  1.98543714e+00  5.24376634e-01  9.48700808e-01  5.24376634e-01  1.67416825e-01  5.24376634e-01  2.20471725e+00 
 5.24401282e-01  1.98516114e+00  5.24401282e-01  9.49359212e-01  5.24401282e-01  1.67914004e-01  5.24401282e-01  2.21710200e+00 
 5.24450578e-01  1.98460915e+00  5.24450578e-01  9.50674407e-01  5.24450578e-01  1.68907769e-01  5.24450578e-01  2.24602230e+00 
 5.24549170e-01  1.98350516e+00  5.24549170e-01  9.53295134e-01  5.24549170e-01  1.70891735e-01  5.24549170e-01  2.30275605e+00 
 5.24561211e-01  1.98337033e+00  5.24561211e-01  9.53614237e-01  5.24561211e-01  1.71133684e-01  5.24561211e-01  2.30864776e+00 
 5.24571322e-01  1.98325712e+00  5.24571322e-01  9.53881428e-01  5.24571322e-01  1.58051617e-01  5.24571322e-01  1.91343025e+00 
 5.24590318e-01  1.98304440e+00  5.24590318e-01  9.54379460e-01  5.24590318e-01  1.33496442e-01  5.24590318e-01  1.12433523e+00 
 5.24628311e-01  1.98261898e+00  5.24628311e-01  9.55369394e-01  5.24628311e-01  1.34358024e-01  5.24628311e-01  1.14988168e+00 
 5.24704297e-01  1.98176813e+00  5.24704297e-01  9.57343747e-01  5.24704297e-01  1.36078240e-01  5.24704297e-01  1.20157489e+00 
 5.24797394e-01  1.98072567e+00  5.24797394e-01  9.59752697e-01  5.24797394e-01  1.38180468e-01  5.24797394e-01  1.26635874e+00 
 5.24898697e-01  1.97959133e+00  5.24898697e-01  9.62361526e-01  5.24898697e-01  1.40461306e-01  5.24898697e-01  1.33827546e+00 
 5.25000000e-01  1.97845699e+00  5.25000000e-01  9.64957407e-01  5.25000000e-01  1.42735167e-01  5.25000000e-01  1.41135843e+00 
 5.25020261e-01  1.97818672e+00  5.25020261e-01  9.65474746e-01  5.25020261e-01  1.43188963e-01  5.25020261e-01  1.42659697e+00 
 5.25060782e-01  1.97764618e+00  5.25060782e-01  9.66508336e-01  5.25060782e-01  1.44095997e-01  5.25060782e-01  1.45599929e+00 
 5.25141824e-01  1.97656511e+00  5.25141824e-01  9.68568993e-01  5.25141824e-01  1.45906719e-01  5.25141824e-01  1.51499677e+00 
 5.25303909e-01  1.97440297e+00  5.25303909e-01  9.72664319e-01  5.25303909e-01  1.49514785e-01  5.25303909e-01  1.63349443e+00 
 5.25628080e-01  1.97007868e+00  5.25628080e-01  9.80751814e-01  5.25628080e-01  1.56677443e-01  5.25628080e-01  1.87033386e+00 
 5.25777229e-01  1.96808908e+00  5.25777229e-01  9.84426925e-01  5.25777229e-01  1.59949031e-01  5.25777229e-01  1.98562695e+00 
 5.26003096e-01  1.96507612e+00  5.26003096e-01  9.89937838e-01  5.26003096e-01  1.64874717e-01  5.26003096e-01  2.12733447e+00 
 5.26040353e-01  1.96457912e+00  5.26040353e-01  9.90839699e-01  5.26040353e-01  1.65683430e-01  5.26040353e-01  2.15122193e+00 
 5.26114867e-01  1.96358514e+00  5.26114867e-01  9.92639881e-01  5.26114867e-01  1.67298978e-01  5.26114867e-01  2.19961547e+00 
 5.26213622e-01  1.96226779e+00  5.26213622e-01  9.95014800e-01  5.26213622e-01  1.69434302e-01  5.26213622e-01  2.26112793e+00 
 5.26231012e-01  1.96203582e+00  5.26231012e-01  9.95431526e-01  5.26231012e-01  1.69809527e-01  5.26231012e-01  2.27152980e+00 
 5.26265791e-01  1.96157188e+00  5.26265791e-01  9.96264213e-01  5.26265791e-01  1.70559569e-01  5.26265791e-01  2.29276918e+00 
 5.26274486e-01  1.96145589e+00  5.26274486e-01  9.96472097e-01  5.26274486e-01  1.70746926e-01  5.26274486e-01  2.29788548e+00 
 5.26291876e-01  1.96122392e+00  5.26291876e-01  9.96887675e-01  5.26291876e-01  1.71121539e-01  5.26291876e-01  2.30834168e+00 
 5.26296189e-01  1.96116638e+00  5.26296189e-01  9.96990575e-01  5.26296189e-01  1.65285674e-01  5.26296189e-01  2.14662539e+00 
 5.26300786e-01  1.96110506e+00  5.26300786e-01  9.97099790e-01  5.26300786e-01  1.53212000e-01  5.26300786e-01  1.75157041e+00 
 5.26303361e-01  1.96107071e+00  5.26303361e-01  9.97160714e-01  5.26303361e-01  1.46845599e-01  5.26303361e-01  1.53093956e+00 
 5.26305935e-01  1.96103637e+00  5.26305935e-01  9.97221447e-01  5.26305935e-01  1.40749298e-01  5.26305935e-01  1.34275626e+00 
 5.26307413e-01  1.96101666e+00  5.26307413e-01  9.97256242e-01  5.26307413e-01  1.37366098e-01  5.26307413e-01  1.23429975e+00 
 5.26308738e-01  1.96099898e+00  5.26308738e-01  9.97287402e-01  5.26308738e-01  1.34402263e-01  5.26308738e-01  1.14881082e+00 
 5.26311360e-01  1.96096401e+00  5.26311360e-01  9.97348957e-01  5.26311360e-01  1.31535082e-01  5.26311360e-01  1.06522069e+00 
 5.26316604e-01  1.96089406e+00  5.26316604e-01  9.97471964e-01  5.26316604e-01  1.31662259e-01  5.26316604e-01  1.07059931e+00 
 5.26327091e-01  1.96075417e+00  5.26327091e-01  9.97717878e-01  5.26327091e-01  1.31916541e-01  5.26327091e-01  1.07795922e+00 
 5.26348064e-01  1.96047439e+00  5.26348064e-01  9.98209305e-01  5.26348064e-01  1.32424817e-01  5.26348064e-01  1.09272948e+00 
 5.26390012e-01  1.95991482e+00  5.26390012e-01  9.99190552e-01  5.26390012e-01  1.33440215e-01  5.26390012e-01  1.12246779e+00 
 5.26473908e-01  1.95879570e+00  5.26473908e-01  1.00114664e+00  5.26473908e-01  1.35466400e-01  5.26473908e-01  1.18270319e+00 
 5.26641698e-01  1.95655744e+00  5.26641698e-01  1.00503326e+00  5.26641698e-01  1.39500366e-01  5.26641698e-01  1.30593516e+00 
 5.26977280e-01  1.95208092e+00  5.26977280e-01  1.01270509e+00  5.26977280e-01  1.47495029e-01  5.26977280e-01  1.56104054e+00 
 5.27258725e-01  1.94832656e+00  5.27258725e-01  1.01903587e+00  5.27258725e-01  1.54125033e-01  5.27258725e-01  1.79620262e+00 
 5.27455514e-01  1.94570148e+00  5.27455514e-01  1.02340690e+00  5.27455514e-01  1.58720413e-01  5.27455514e-01  1.94407664e+00 
 5.27613305e-01  1.94359663e+00  5.27613305e-01  1.02687896e+00  5.27613305e-01  1.62381220e-01  5.27613305e-01  2.05586548e+00 
 5.27721786e-01  1.94214954e+00  5.27721786e-01  1.02924920e+00  5.27721786e-01  1.64885742e-01  5.27721786e-01  2.13174984e+00 
 5.27831975e-01  1.94067966e+00  5.27831975e-01  1.03164281e+00  5.27831975e-01  1.67419487e-01  5.27831975e-01  2.20390680e+00 
 5.27856708e-01  1.94034973e+00  5.27856708e-01  1.03217780e+00  5.27856708e-01  1.67986536e-01  5.27856708e-01  2.21921176e+00 
 5.27906174e-01  1.93968988e+00  5.27906174e-01  1.03324636e+00  5.27906174e-01  1.69119600e-01  5.27906174e-01  2.25215298e+00 
 5.27918540e-01  1.93952491e+00  5.27918540e-01  1.03351297e+00  5.27918540e-01  1.69402478e-01  5.27918540e-01  2.25996796e+00 
 5.27943273e-01  1.93919499e+00  5.27943273e-01  1.03404585e+00  5.27943273e-01  1.69967976e-01  5.27943273e-01  2.27607911e+00 
 5.27992739e-01  1.93853513e+00  5.27992739e-01  1.03510949e+00  5.27992739e-01  1.71097425e-01  5.27992739e-01  2.30791805e+00 
 5.27998897e-01  1.93845299e+00  5.27998897e-01  1.03524070e+00  5.27998897e-01  1.55334313e-01  5.27998897e-01  1.82536748e+00 
 5.28001106e-01  1.93842352e+00  5.28001106e-01  1.03528771e+00  5.28001106e-01  1.49781512e-01  5.28001106e-01  1.64278995e+00 
 5.28004665e-01  1.93837605e+00  5.28004665e-01  1.03536316e+00  5.28004665e-01  1.41255475e-01  5.28004665e-01  1.36384021e+00 
 5.28006314e-01  1.93835406e+00  5.28006314e-01  1.03539801e+00  5.28006314e-01  1.37475190e-01  5.28006314e-01  1.23907525e+00 
 5.28007532e-01  1.93833780e+00  5.28007532e-01  1.03542373e+00  5.28007532e-01  1.34747221e-01  5.28007532e-01  1.15822539e+00 
 5.28008459e-01  1.93832544e+00  5.28008459e-01  1.03544326e+00  5.28008459e-01  1.32709854e-01  5.28008459e-01  1.09889593e+00 
 5.28010312e-01  1.93830073e+00  5.28010312e-01  1.03548228e+00  5.28010312e-01  1.30711955e-01  5.28010312e-01  1.04243593e+00 
 5.28014018e-01  1.93825129e+00  5.28014018e-01  1.03556027e+00  5.28014018e-01  1.30806763e-01  5.28014018e-01  1.04600067e+00 
 5.28021430e-01  1.93815242e+00  5.28021430e-01  1.03571621e+00  5.28021430e-01  1.30996337e-01  5.28021430e-01  1.05142019e+00 
 5.28036254e-01  1.93795467e+00  5.28036254e-01  1.03602790e+00  5.28036254e-01  1.31375311e-01  5.28036254e-01  1.06228800e+00 
 5.28065902e-01  1.93755917e+00  5.28065902e-01  1.03665055e+00  5.28065902e-01  1.32132570e-01  5.28065902e-01  1.08413716e+00 
 5.28125199e-01  1.93676818e+00  5.28125199e-01  1.03789296e+00  5.28125199e-01  1.33644334e-01  5.28125199e-01  1.12827697e+00 
 5.28243791e-01  1.93518620e+00  5.28243791e-01  1.04036624e+00  5.28243791e-01  1.36656876e-01  5.28243791e-01  1.21821597e+00 
 5.28480977e-01  1.93202225e+00  5.28480977e-01  1.04526679e+00  5.28480977e-01  1.42638222e-01  5.28480977e-01  1.40380911e+00 
 5.28955349e-01  1.92569433e+00  5.28955349e-01  1.05488577e+00  5.28955349e-01  1.54427686e-01  5.28955349e-01  1.78954047e+00 
 5.29093958e-01  1.92384535e+00  5.29093958e-01  1.05765083e+00  5.29093958e-01  1.57829171e-01  5.29093958e-01  1.92240523e+00 
 5.29371176e-01  1.92014738e+00  5.29371176e-01  1.06311993e+00  5.29371176e-01  1.64574081e-01  5.29371176e-01  2.12348427e+00 
 5.29442894e-01  1.91919069e+00  5.29442894e-01  1.06452162e+00  5.29442894e-01  1.66306477e-01  5.29442894e-01  2.17419268e+00 
 5.29557229e-01  1.91766552e+00  5.29557229e-01  1.06674509e+00  5.29557229e-01  1.69057698e-01  5.29557229e-01  2.25022325e+00 
 5.29575055e-01  1.91742772e+00  5.29575055e-01  1.06709035e+00  5.29575055e-01  1.69485316e-01  5.29575055e-01  2.26232657e+00 
 5.29610707e-01  1.91695213e+00  5.29610707e-01  1.06778022e+00  5.29610707e-01  1.70339919e-01  5.29610707e-01  2.28664451e+00 
 5.29619620e-01  1.91683324e+00  5.29619620e-01  1.06795244e+00  5.29619620e-01  1.70553334e-01  5.29619620e-01  2.29247370e+00 
 5.29637447e-01  1.91659544e+00  5.29637447e-01  1.06829672e+00  5.29637447e-01  1.70980005e-01  5.29637447e-01  2.30441908e+00 
 5.29641294e-01  1.91654411e+00  5.29641294e-01  1.06837099e+00  5.29641294e-01  1.71072064e-01  5.29641294e-01  2.30693749e+00 
 5.29648990e-01  1.91644146e+00  5.29648990e-01  1.06851909e+00  5.29648990e-01  1.60956964e-01  5.29648990e-01  2.00590094e+00 
 5.29664382e-01  1.91623614e+00  5.29664382e-01  1.06881272e+00  5.29664382e-01  1.40742827e-01  5.29664382e-01  1.34795660e+00 
 5.29695166e-01  1.91582550e+00  5.29695166e-01  1.06939611e+00  5.29695166e-01  1.41542953e-01  5.29695166e-01  1.37347594e+00 
 5.29756732e-01  1.91500422e+00  5.29756732e-01  1.07056002e+00  5.29756732e-01  1.43139954e-01  5.29756732e-01  1.42477035e+00 
 5.29841905e-01  1.91386806e+00  5.29841905e-01  1.07216393e+00  5.29841905e-01  1.45342141e-01  5.29841905e-01  1.49634952e+00 
 5.30012250e-01  1.91159573e+00  5.30012250e-01  1.07534999e+00  5.30012250e-01  1.49721808e-01  5.30012250e-01  1.64001572e+00 
 5.30352940e-01  1.90705106e+00  5.30352940e-01  1.08163571e+00  5.30352940e-01  1.58383123e-01  5.30352940e-01  1.92663431e+00 
 5.30475969e-01  1.90540992e+00  5.30475969e-01  1.08387740e+00  5.30475969e-01  1.61478921e-01  5.30475969e-01  2.03118820e+00 
 5.30638971e-01  1.90323553e+00  5.30638971e-01  1.08682460e+00  5.30638971e-01  1.65554751e-01  5.30638971e-01  2.14818498e+00 
 5.30668814e-01  1.90283744e+00  5.30668814e-01  1.08736093e+00  5.30668814e-01  1.66297296e-01  5.30668814e-01  2.16954099e+00 
 5.30728500e-01  1.90204125e+00  5.30728500e-01  1.08843187e+00  5.30728500e-01  1.67780429e-01  5.30728500e-01  2.21363185e+00 
 5.30809253e-01  1.90096405e+00  5.30809253e-01  1.08987529e+00  5.30809253e-01  1.69780807e-01  5.30809253e-01  2.27091408e+00 
 5.30823229e-01  1.90077761e+00  5.30823229e-01  1.09012437e+00  5.30823229e-01  1.70126196e-01  5.30823229e-01  2.28047566e+00 
 5.30851182e-01  1.90040473e+00  5.30851182e-01  1.09062216e+00  5.30851182e-01  1.70816547e-01  5.30851182e-01  2.29993100e+00 
 5.30858170e-01  1.90031151e+00  5.30858170e-01  1.09074647e+00  5.30858170e-01  1.70988975e-01  5.30858170e-01  2.30462867e+00 
 5.30872147e-01  1.90012507e+00  5.30872147e-01  1.09099374e+00  5.30872147e-01  1.53499789e-01  5.30872147e-01  1.76530480e+00 
 5.30888512e-01  1.89990678e+00  5.30888512e-01  1.09127986e+00  5.30888512e-01  1.33043574e-01  5.30888512e-01  1.11094639e+00 
 5.30921241e-01  1.89947018e+00  5.30921241e-01  1.09184794e+00  5.30921241e-01  1.33935894e-01  5.30921241e-01  1.13725005e+00 
 5.30986699e-01  1.89859699e+00  5.30986699e-01  1.09298112e+00  5.30986699e-01  1.35716412e-01  5.30986699e-01  1.19048775e+00 
 5.31074266e-01  1.89742889e+00  5.31074266e-01  1.09449084e+00  5.31074266e-01  1.38089715e-01  5.31074266e-01  1.26331851e+00 
 5.31249399e-01  1.89509269e+00  5.31249399e-01  1.09748917e+00  5.31249399e-01  1.42807052e-01  5.31249399e-01  1.41139227e+00 
 5.31599666e-01  1.89042028e+00  5.31599666e-01  1.10340187e+00  5.31599666e-01  1.52125770e-01  5.31599666e-01  1.71549701e+00 
 5.31744156e-01  1.88849284e+00  5.31744156e-01  1.10580850e+00  5.31744156e-01  1.55925161e-01  5.31744156e-01  1.84462014e+00 
 5.31998556e-01  1.88509926e+00  5.31998556e-01  1.11000009e+00  5.31998556e-01  1.62551981e-01  5.31998556e-01  2.05585468e+00 
 5.32083162e-01  1.88397065e+00  5.32083162e-01  1.11138123e+00  5.32083162e-01  1.64738249e-01  5.32083162e-01  2.12835337e+00 
 5.32206253e-01  1.88232867e+00  5.32206253e-01  1.11337921e+00  5.32206253e-01  1.67903432e-01  5.32206253e-01  2.21708132e+00 
 5.32227009e-01  1.88205180e+00  5.32227009e-01  1.11371459e+00  5.32227009e-01  1.68435063e-01  5.32227009e-01  2.23221107e+00 
 5.32268520e-01  1.88149806e+00  5.32268520e-01  1.11438457e+00  5.32268520e-01  1.69497283e-01  5.32268520e-01  2.26289996e+00 
 5.32278897e-01  1.88135963e+00  5.32278897e-01  1.11455178e+00  5.32278897e-01  1.69762447e-01  5.32278897e-01  2.27019614e+00 
 5.32299653e-01  1.88108276e+00  5.32299653e-01  1.11488601e+00  5.32299653e-01  1.70292514e-01  5.32299653e-01  2.28521701e+00 
 5.32304842e-01  1.88101354e+00  5.32304842e-01  1.11496950e+00  5.32304842e-01  1.70424934e-01  5.32304842e-01  2.28906486e+00 
 5.32315219e-01  1.88087511e+00  5.32315219e-01  1.11513642e+00  5.32315219e-01  1.70689707e-01  5.32315219e-01  2.29630293e+00 
 5.32327157e-01  1.88071586e+00  5.32327157e-01  1.11532740e+00  5.32327157e-01  1.55556091e-01  5.32327157e-01  1.83260005e+00 
 5.32344714e-01  1.88048166e+00  5.32344714e-01  1.11560469e+00  5.32344714e-01  1.33322215e-01  5.32344714e-01  1.11917503e+00 
 5.32379828e-01  1.88001326e+00  5.32379828e-01  1.11615451e+00  5.32379828e-01  1.34307222e-01  5.32379828e-01  1.14831601e+00 
 5.32450055e-01  1.87907646e+00  5.32450055e-01  1.11725104e+00  5.32450055e-01  1.36272084e-01  5.32450055e-01  1.20734856e+00 
 5.32540336e-01  1.87787214e+00  5.32540336e-01  1.11865459e+00  5.32540336e-01  1.38787968e-01  5.32540336e-01  1.28509618e+00 
 5.32720899e-01  1.87546352e+00  5.32720899e-01  1.12144122e+00  5.32720899e-01  1.43785991e-01  5.32720899e-01  1.44299383e+00 
 5.33027099e-01  1.87137893e+00  5.33027099e-01  1.12610474e+00  5.33027099e-01  1.52159850e-01  5.33027099e-01  1.71809973e+00 
 5.33333300e-01  1.86729435e+00  5.33333300e-01  1.13069065e+00  5.33333300e-01  1.60407026e-01  5.33333300e-01  1.99288034e+00 
 5.33388275e-01  1.84624598e+00  5.33388275e-01  1.13146746e+00  5.33388275e-01  1.61872354e-01  5.33388275e-01  2.03487685e+00 
 5.33498226e-01  1.80414925e+00  5.33498226e-01  1.13294201e+00  5.33498226e-01  1.64794733e-01  5.33498226e-01  2.12578612e+00 
 5.33571017e-01  1.77627955e+00  5.33571017e-01  1.13383137e+00  5.33571017e-01  1.66720275e-01  5.33571017e-01  2.18521978e+00 
 5.33651755e-01  1.74536763e+00  5.33651755e-01  1.13473722e+00  5.33651755e-01  1.68847243e-01  5.33651755e-01  2.24470537e+00 
 5.33668546e-01  1.73893880e+00  5.33668546e-01  1.13491316e+00  5.33668546e-01  1.69288220e-01  5.33668546e-01  2.25670998e+00 
 5.33702128e-01  1.72608113e+00  5.33702128e-01  1.13525773e+00  5.33702128e-01  1.70169355e-01  5.33702128e-01  2.28185601e+00 
 5.33710524e-01  1.72286672e+00  5.33710524e-01  1.13534114e+00  5.33710524e-01  1.70389332e-01  5.33710524e-01  2.28787634e+00 
 5.33727315e-01  1.71643788e+00  5.33727315e-01  1.13550613e+00  5.33727315e-01  1.70829078e-01  5.33727315e-01  2.30021917e+00 
 5.33732198e-01  1.71456852e+00  5.33732198e-01  1.13555342e+00  5.33732198e-01  1.70956870e-01  5.33732198e-01  2.30373576e+00 
 5.33741963e-01  1.71082978e+00  5.33741963e-01  1.13564646e+00  5.33741963e-01  1.58356132e-01  5.33741963e-01  1.92321346e+00 
 5.33761207e-01  1.70346171e+00  5.33761207e-01  1.13582253e+00  5.33761207e-01  1.33548050e-01  5.33761207e-01  1.12586594e+00 
 5.33799696e-01  1.68872556e+00  5.33799696e-01  1.13615550e+00  5.33799696e-01  1.34652782e-01  5.33799696e-01  1.15864344e+00 
 5.33876673e-01  1.65925327e+00  5.33876673e-01  1.13676444e+00  5.33876673e-01  1.36854757e-01  5.33876673e-01  1.22509686e+00 
 5.33970552e-01  1.62331008e+00  5.33970552e-01  1.13740447e+00  5.33970552e-01  1.39526516e-01  5.33970552e-01  1.30827679e+00 
 5.34158308e-01  1.55142370e+00  5.34158308e-01  1.13834813e+00  5.34158308e-01  1.44823870e-01  5.34158308e-01  1.47670415e+00 
 5.34533822e-01  1.40765093e+00  5.34533822e-01  1.13890304e+00  5.34533822e-01  1.55226523e-01  5.34533822e-01  1.81942998e+00 
 5.34663380e-01  1.35804710e+00  5.34663380e-01  1.13868501e+00  5.34663380e-01  1.58754661e-01  5.34663380e-01  1.94924197e+00 
 5.34865610e-01  1.28061956e+00  5.34865610e-01  1.13792986e+00  5.34865610e-01  1.64196539e-01  5.34865610e-01  2.10669826e+00 
 5.34933449e-01  1.25464596e+00  5.34933449e-01  1.13756374e+00  5.34933449e-01  1.66003984e-01  5.34933449e-01  2.16620740e+00 
 5.35042427e-01  1.21292158e+00  5.35042427e-01  1.13685772e+00  5.35042427e-01  1.68888075e-01  5.35042427e-01  2.24536101e+00 
 5.35059375e-01  1.20643263e+00  5.35059375e-01  1.13673314e+00  5.35059375e-01  1.69334149e-01  5.35059375e-01  2.25802029e+00 
 5.35093271e-01  1.19345475e+00  5.35093271e-01  1.13647698e+00  5.35093271e-01  1.70225123e-01  5.35093271e-01  2.28342989e+00 
 5.35101745e-01  1.19021028e+00  5.35101745e-01  1.13641032e+00  5.35101745e-01  1.70447424e-01  5.35101745e-01  2.28950615e+00 
 5.35118694e-01  1.18372134e+00  5.35118694e-01  1.13627526e+00  5.35118694e-01  1.70891732e-01  5.35118694e-01  2.30196579e+00 
 5.35123445e-01  1.18190232e+00  5.35123445e-01  1.13623677e+00  5.35123445e-01  1.71016177e-01  5.35123445e-01  2.30538488e+00 
 5.35132947e-01  1.17826430e+00  5.35132947e-01  1.13615837e+00  5.35132947e-01  1.58725700e-01  5.35132947e-01  1.93506012e+00 
 5.35151951e-01  1.17098824e+00  5.35151951e-01  1.13599472e+00  5.35151951e-01  1.34168596e-01  5.35151951e-01  1.14434951e+00 
 5.35189959e-01  1.15643613e+00  5.35189959e-01  1.13564956e+00  5.35189959e-01  1.35257728e-01  5.35189959e-01  1.17691546e+00 
 5.35265975e-01  1.12733190e+00  5.35265975e-01  1.13490694e+00  5.35265975e-01  1.37426154e-01  5.35265975e-01  1.24280988e+00 
 5.35359351e-01  1.09158091e+00  5.35359351e-01  1.13389959e+00  5.35359351e-01  1.40071720e-01  5.35359351e-01  1.32560153e+00 
 5.35546104e-01  1.02007892e+00  5.35546104e-01  1.13157190e+00  5.35546104e-01  1.45302215e-01  5.35546104e-01  1.49258165e+00 
 5.35919610e-01  8.77074946e-01  5.35919610e-01  1.12567659e+00  5.35919610e-01  1.55514939e-01  5.35919610e-01  1.82948986e+00 
 5.36054309e-01  8.25502468e-01  5.36054309e-01  1.12314759e+00  5.36054309e-01  1.59115536e-01  5.36054309e-01  1.95961953e+00 
 5.36246933e-01  7.51752879e-01  5.36246933e-01  1.11916427e+00  5.36246933e-01  1.64186480e-01  5.36246933e-01  2.10670153e+00 
 5.36318349e-01  7.24409728e-01  5.36318349e-01  1.11757819e+00  5.36318349e-01  1.66043034e-01  5.36318349e-01  2.16715959e+00 
 5.36426218e-01  6.83109963e-01  5.36426218e-01  1.11507120e+00  5.36426218e-01  1.68822772e-01  5.36426218e-01  2.24355037e+00 
 5.36443840e-01  6.76362988e-01  5.36443840e-01  1.11464715e+00  5.36443840e-01  1.69273685e-01  5.36443840e-01  2.25629513e+00 
 5.36479084e-01  6.62869037e-01  5.36479084e-01  1.11379195e+00  5.36479084e-01  1.70173924e-01  5.36479084e-01  2.28199183e+00 
 5.36487895e-01  6.59495549e-01  5.36487895e-01  1.11357548e+00  5.36487895e-01  1.70398388e-01  5.36487895e-01  2.28813051e+00 
 5.36505518e-01  6.52748574e-01  5.36505518e-01  1.11314077e+00  5.36505518e-01  1.70846919e-01  5.36505518e-01  2.30071814e+00 
 5.36509539e-01  6.51208960e-01  5.36509539e-01  1.11304107e+00  5.36509539e-01  1.70949159e-01  5.36509539e-01  2.30352123e+00 
 5.36517581e-01  6.48129733e-01  5.36517581e-01  1.11284112e+00  5.36517581e-01  1.71153515e-01  5.36517581e-01  2.30920706e+00 
 5.36533666e-01  6.41971277e-01  5.36533666e-01  1.11243739e+00  5.36533666e-01  1.51329030e-01  5.36533666e-01  1.69384765e+00 
 5.36548772e-01  6.36187854e-01  5.36548772e-01  1.11205258e+00  5.36548772e-01  1.32731431e-01  5.36548772e-01  1.10176395e+00 
 5.36578983e-01  6.24621009e-01  5.36578983e-01  1.11127233e+00  5.36578983e-01  1.33576025e-01  5.36578983e-01  1.12655854e+00 
 5.36639405e-01  6.01487317e-01  5.36639405e-01  1.10968073e+00  5.36639405e-01  1.35257610e-01  5.36639405e-01  1.17660661e+00 
 5.36723995e-01  5.69100358e-01  5.36723995e-01  1.10738307e+00  5.36723995e-01  1.37594715e-01  5.36723995e-01  1.24791542e+00 
 5.36893175e-01  5.04326439e-01  5.36893175e-01  1.10254582e+00  5.36893175e-01  1.42208628e-01  5.36893175e-01  1.39208191e+00 
 5.37231535e-01  3.74778601e-01  5.37231535e-01  1.09191189e+00  5.37231535e-01  1.51192014e-01  5.37231535e-01  1.68431402e+00 
 5.37399623e-01  3.10422664e-01  5.37399623e-01  1.08615691e+00  5.37399623e-01  1.55532292e-01  5.37399623e-01  1.84965664e+00 
 5.37664435e-01  2.09034336e-01  5.37664435e-01  1.07646203e+00  5.37664435e-01  1.62202292e-01  5.37664435e-01  2.04536612e+00 
 5.37741665e-01  1.79465284e-01  5.37741665e-01  1.07349055e+00  5.37741665e-01  1.64108607e-01  5.37741665e-01  2.11153805e+00 
 5.37896125e-01  1.20327181e-01  5.37896125e-01  1.06735407e+00  5.37896125e-01  1.67867892e-01  5.37896125e-01  2.21828899e+00 
 5.37917609e-01  1.12101708e-01  5.37917609e-01  1.06647767e+00  5.37917609e-01  1.68384425e-01  5.37917609e-01  2.23074756e+00 
 5.37960576e-01  9.56507612e-02  5.37960576e-01  1.06471496e+00  5.37960576e-01  1.69414717e-01  5.37960576e-01  2.26053526e+00 
 5.37971318e-01  9.15380245e-02  5.37971318e-01  1.06427057e+00  5.37971318e-01  1.69671249e-01  5.37971318e-01  2.26761003e+00 
 5.37992802e-01  8.33125511e-02  5.37992802e-01  1.06337930e+00  5.37992802e-01  1.70183617e-01  5.37992802e-01  2.28214923e+00 
 5.37998173e-01  8.12561828e-02  5.37998173e-01  1.06315556e+00  5.37998173e-01  1.70311449e-01  5.37998173e-01  2.28586444e+00 
 5.38008915e-01  7.71434461e-02  5.38008915e-01  1.06270745e+00  5.38008915e-01  1.70566937e-01  5.38008915e-01  2.29286869e+00 
 5.38030399e-01  6.89179728e-02  5.38030399e-01  1.06180753e+00  5.38030399e-01  1.71076870e-01  5.38030399e-01  2.30712794e+00 
 5.38035769e-01  6.68616045e-02  5.38035769e-01  1.06158086e+00  5.38035769e-01  1.57168361e-01  5.38035769e-01  1.88494839e+00 
 5.38038162e-01  6.59454789e-02  5.38038162e-01  1.06147978e+00  5.38038162e-01  1.51093413e-01  5.38038162e-01  1.68607688e+00 
 5.38041822e-01  6.45442451e-02  5.38041822e-01  1.06132478e+00  5.38041822e-01  1.42257352e-01  5.38041822e-01  1.39570060e+00 
 5.38043576e-01  6.38727222e-02  5.38043576e-01  1.06125033e+00  5.38043576e-01  1.38211457e-01  5.38043576e-01  1.26139273e+00 
 5.38044873e-01  6.33762237e-02  5.38044873e-01  1.06119522e+00  5.38044873e-01  1.35295465e-01  5.38044873e-01  1.17443184e+00 
 5.38045848e-01  6.30029541e-02  5.38045848e-01  1.06115375e+00  5.38045848e-01  1.33144462e-01  5.38045848e-01  1.11136867e+00 
 5.38047798e-01  6.22564151e-02  5.38047798e-01  1.06107074e+00  5.38047798e-01  1.31036723e-01  5.38047798e-01  1.05163780e+00 
 5.38051697e-01  6.07633369e-02  5.38051697e-01  1.06090455e+00  5.38051697e-01  1.31139709e-01  5.38051697e-01  1.05553839e+00 
 5.38059497e-01  5.77771807e-02  5.38059497e-01  1.06057170e+00  5.38059497e-01  1.31345533e-01  5.38059497e-01  1.06145115e+00 
 5.38075095e-01  5.18048682e-02  5.38075095e-01  1.05990404e+00  5.38075095e-01  1.31756592e-01  5.38075095e-01  1.07329900e+00 
 5.38106293e-01  3.98602433e-02  5.38106293e-01  1.05856096e+00  5.38106293e-01  1.32576352e-01  5.38106293e-01  1.09708132e+00 
 5.38168688e-01  1.59709934e-02  5.38168688e-01  1.05584379e+00  5.38168688e-01  1.34206428e-01  5.38168688e-01  1.14497094e+00 
 5.38293479e-01 -3.18075064e-02  5.38293479e-01  1.05028580e+00  5.38293479e-01  1.37428681e-01  5.38293479e-01  1.24187364e+00 
 5.38543060e-01 -1.27364506e-01  5.38543060e-01  1.03867829e+00  5.38543060e-01  1.43720652e-01  5.38543060e-01  1.43871596e+00 
 5.39042222e-01 -3.18478505e-01  5.39042222e-01  1.01352151e+00  5.39042222e-01  1.55687343e-01  5.39042222e-01  1.83260140e+00 
 5.39210435e-01 -3.82882021e-01  5.39210435e-01  1.00446557e+00  5.39210435e-01  1.59533202e-01  5.39210435e-01  1.97095897e+00 
 5.39411915e-01 -4.60022705e-01  5.39411915e-01  9.93240233e-01  5.39411915e-01  1.64014237e-01  5.39411915e-01  2.10230392e+00 
 5.39493028e-01 -4.91078477e-01  5.39493028e-01  9.88605207e-01  5.39493028e-01  1.65779487e-01  5.39493028e-01  2.15925714e+00 
 5.39655254e-01 -5.53190020e-01  5.39655254e-01  9.79137064e-01  5.39655254e-01  1.69242875e-01  5.39655254e-01  2.25772158e+00 
 5.39673627e-01 -5.60224155e-01  5.39673627e-01  9.78046496e-01  5.39673627e-01  1.69628878e-01  5.39673627e-01  2.26640731e+00 
 5.39710371e-01 -5.74292424e-01  5.39710371e-01  9.75858628e-01  5.39710371e-01  1.70398578e-01  5.39710371e-01  2.28826252e+00 
 5.39719557e-01 -5.77809492e-01  5.39719557e-01  9.75309138e-01  5.39719557e-01  1.70590138e-01  5.39719557e-01  2.29350381e+00 
 5.39737929e-01 -5.84843626e-01  5.39737929e-01  9.74208476e-01  5.39737929e-01  1.70972681e-01  5.39737929e-01  2.30420760e+00 
 5.39741157e-01 -5.86079498e-01  5.39741157e-01  9.74014747e-01  5.39741157e-01  1.71039773e-01  5.39741157e-01  2.30604058e+00 
 5.39747613e-01 -5.88551242e-01  5.39747613e-01  9.73626977e-01  5.39747613e-01  1.71173850e-01  5.39747613e-01  2.30976567e+00 
 5.39760525e-01 -5.93494729e-01  5.39760525e-01  9.72849120e-01  5.39760525e-01  1.54823626e-01  5.39760525e-01  1.80868767e+00 
 5.39777635e-01 -6.00045711e-01  5.39777635e-01  9.71812469e-01  5.39777635e-01  1.33178422e-01  5.39777635e-01  1.11492492e+00 
 5.39811855e-01 -6.13147677e-01  5.39811855e-01  9.69726706e-01  5.39811855e-01  1.33973407e-01  5.39811855e-01  1.13840054e+00 
 5.39880296e-01 -6.39351607e-01  5.39880296e-01  9.65520486e-01  5.39880296e-01  1.35550653e-01  5.39880296e-01  1.18556781e+00 
 5.39969396e-01 -6.73465283e-01  5.39969396e-01  9.59975463e-01  5.39969396e-01  1.37578541e-01  5.39969396e-01  1.24764509e+00 
 5.40147596e-01 -7.41692635e-01  5.40147596e-01  9.48651938e-01  5.40147596e-01  1.41547703e-01  5.40147596e-01  1.37154136e+00 
 5.40503996e-01 -8.78147338e-01  5.40503996e-01  9.25079145e-01  5.40503996e-01  1.49137984e-01  5.40503996e-01  1.61715672e+00 
 5.40939987e-01 -1.04507504e+00  5.40939987e-01  8.94583711e-01  5.40939987e-01  1.57788507e-01  5.40939987e-01  1.90585975e+00 
 5.41266936e-01 -1.17025411e+00  5.41266936e-01  8.70533839e-01  5.41266936e-01  1.63814360e-01  5.41266936e-01  2.09468842e+00 
 5.41466818e-01 -1.24678277e+00  5.41466818e-01  8.55338374e-01  5.41466818e-01  1.67302572e-01  5.41466818e-01  2.20137040e+00 
 5.41591088e-01 -1.29436196e+00  5.41591088e-01  8.45704366e-01  5.41591088e-01  1.69396128e-01  5.41591088e-01  2.26012211e+00 
 5.41666700e-01 -1.32331143e+00  5.41666700e-01  8.39772893e-01  5.41666700e-01  1.70641706e-01  5.41666700e-01  2.29527711e+00 
 5.41685188e-01 -1.31657298e+00  5.41685188e-01  8.38321488e-01  5.41685188e-01  1.70942383e-01  5.41685188e-01  2.30335249e+00 
 5.41688194e-01 -1.31547762e+00  5.41688194e-01  8.38085627e-01  5.41688194e-01  1.70991242e-01  5.41688194e-01  2.30469172e+00 
 5.41694204e-01 -1.31328689e+00  5.41694204e-01  8.37614330e-01  5.41694204e-01  1.71088860e-01  5.41694204e-01  2.30740594e+00 
 5.41706226e-01 -1.30890543e+00  5.41706226e-01  8.36672504e-01  5.41706226e-01  1.55721297e-01  5.41706226e-01  1.83798307e+00 
 5.41723793e-01 -1.30250263e+00  5.41723793e-01  8.35296893e-01  5.41723793e-01  1.33286045e-01  5.41723793e-01  1.11810520e+00 
 5.41758928e-01 -1.28969702e+00  5.41758928e-01  8.32556226e-01  5.41758928e-01  1.33941918e-01  5.41758928e-01  1.13749987e+00 
 5.41829198e-01 -1.26408580e+00  5.41829198e-01  8.27133001e-01  5.41829198e-01  1.35239414e-01  5.41829198e-01  1.17626892e+00 
 5.41919116e-01 -1.23131344e+00  5.41919116e-01  8.20306071e-01  5.41919116e-01  1.36872340e-01  5.41919116e-01  1.22602472e+00 
 5.42098952e-01 -1.16576873e+00  5.42098952e-01  8.07029550e-01  5.42098952e-01  1.40048388e-01  5.42098952e-01  1.32437872e+00 
 5.42458624e-01 -1.03467930e+00  5.42458624e-01  7.81970500e-01  5.42458624e-01  1.46057803e-01  5.42458624e-01  1.51652337e+00 
 5.43177968e-01 -7.72500438e-01  5.43177968e-01  7.37708121e-01  5.43177968e-01  1.56833008e-01  5.43177968e-01  1.87355687e+00 
 5.43509532e-01 -6.51655883e-01  5.43509532e-01  7.19894320e-01  5.43509532e-01  1.61284035e-01  5.43509532e-01  2.02117111e+00 
 5.43769160e-01 -5.57029307e-01  5.43769160e-01  7.07060152e-01  5.43769160e-01  1.64568150e-01  5.43769160e-01  2.12079624e+00 
 5.43941798e-01 -4.94108078e-01  5.43941798e-01  6.99062045e-01  5.43941798e-01  1.66660245e-01  5.43941798e-01  2.18330255e+00 
 5.44118909e-01 -4.29556445e-01  5.44118909e-01  6.91297152e-01  5.44118909e-01  1.68734807e-01  5.44118909e-01  2.24163308e+00 
 5.44157347e-01 -4.15546889e-01  5.44157347e-01  6.89680978e-01  5.44157347e-01  1.69174123e-01  5.44157347e-01  2.25345113e+00 
 5.44234224e-01 -3.87527776e-01  5.44234224e-01  6.86490181e-01  5.44234224e-01  1.70046375e-01  5.44234224e-01  2.27838534e+00 
 5.44253443e-01 -3.80522997e-01  5.44253443e-01  6.85708049e-01  5.44253443e-01  1.70262059e-01  5.44253443e-01  2.28430053e+00 
 5.44291881e-01 -3.66513441e-01  5.44291881e-01  6.84154138e-01  5.44291881e-01  1.70691867e-01  5.44291881e-01  2.29638809e+00 
 5.44301491e-01 -3.63011052e-01  5.44301491e-01  6.83769541e-01  5.44301491e-01  1.70798735e-01  5.44301491e-01  2.29933098e+00 
 5.44320710e-01 -3.56006274e-01  5.44320710e-01  6.83002929e-01  5.44320710e-01  1.71012087e-01  5.44320710e-01  2.30528121e+00 
 5.44322918e-01 -3.55201523e-01  5.44322918e-01  6.82915187e-01  5.44322918e-01  1.71036548e-01  5.44322918e-01  2.30595099e+00 
 5.44327334e-01 -3.53592022e-01  5.44327334e-01  6.82739907e-01  5.44327334e-01  1.71085441e-01  5.44327334e-01  2.30730946e+00 
 5.44336166e-01 -3.50373019e-01  5.44336166e-01  6.82389649e-01  5.44336166e-01  1.59472875e-01  5.44336166e-01  1.95891759e+00 
 5.44353830e-01 -3.43935014e-01  5.44353830e-01  6.81689302e-01  5.44353830e-01  1.36268447e-01  5.44353830e-01  1.20791755e+00 
 5.44389158e-01 -3.31059004e-01  5.44389158e-01  6.80297567e-01  5.44389158e-01  1.36740853e-01  5.44389158e-01  1.22238785e+00 
 5.44459814e-01 -3.05306984e-01  5.44459814e-01  6.77566394e-01  5.44459814e-01  1.37677409e-01  5.44459814e-01  1.25125506e+00 
 5.44549712e-01 -2.72542167e-01  5.44549712e-01  6.74191984e-01  5.44549712e-01  1.38853371e-01  5.44549712e-01  1.28793423e+00 
 5.44729506e-01 -2.07012534e-01  5.44729506e-01  6.67778965e-01  5.44729506e-01  1.41154607e-01  5.44729506e-01  1.36042444e+00 
 5.45089096e-01 -7.59532689e-02  5.45089096e-01  6.56282719e-01  5.45089096e-01  1.45567258e-01  5.45089096e-01  1.50226311e+00 
 5.45808274e-01  1.86165262e-01  5.45808274e-01  6.38504369e-01  5.45808274e-01  1.53732601e-01  5.45808274e-01  1.77145107e+00 
 5.46261365e-01  3.51302991e-01  5.46261365e-01  6.30809566e-01  5.46261365e-01  1.58484533e-01  5.46261365e-01  1.93642551e+00 
 5.46670591e-01  5.00453468e-01  5.46670591e-01  6.26131082e-01  5.46670591e-01  1.62568490e-01  5.46670591e-01  2.06038329e+00 
 5.46907236e-01  5.86703197e-01  5.46907236e-01  6.24394504e-01  5.46907236e-01  1.64853337e-01  5.46907236e-01  2.13153863e+00 
 5.47227311e-01  7.03360659e-01  5.47227311e-01  6.23157220e-01  5.47227311e-01  1.67869878e-01  5.47227311e-01  2.21623394e+00 
 5.47284151e-01  7.24077209e-01  5.47284151e-01  6.23090109e-01  5.47284151e-01  1.68396366e-01  5.47284151e-01  2.23109278e+00 
 5.47397832e-01  7.65510308e-01  5.47397832e-01  6.23035120e-01  5.47397832e-01  1.69445165e-01  5.47397832e-01  2.26141045e+00 
 5.47426252e-01  7.75868583e-01  5.47426252e-01  6.23051048e-01  5.47426252e-01  1.69705829e-01  5.47426252e-01  2.26859105e+00 
 5.47483092e-01  7.96585133e-01  5.47483092e-01  6.23102615e-01  5.47483092e-01  1.70226196e-01  5.47483092e-01  2.28334955e+00 
 5.47497303e-01  8.01764270e-01  5.47497303e-01  6.23122894e-01  5.47497303e-01  1.70355930e-01  5.47497303e-01  2.28693859e+00 
 5.47525723e-01  8.12122545e-01  5.47525723e-01  6.23168366e-01  5.47525723e-01  1.70615170e-01  5.47525723e-01  2.29421869e+00 
 5.47582563e-01  8.32839094e-01  5.47582563e-01  6.23288765e-01  5.47582563e-01  1.71132298e-01  5.47582563e-01  2.30866801e+00 
 5.47586237e-01  8.34178275e-01  5.47586237e-01  6.23297980e-01  5.47586237e-01  1.71165662e-01  5.47586237e-01  2.30037351e+00 
 5.47593586e-01  8.36856636e-01  5.47593586e-01  6.23316376e-01  5.47593586e-01  1.61372361e-01  5.47593586e-01  2.03828236e+00 
 5.47608283e-01  8.42213358e-01  5.47608283e-01  6.23352960e-01  5.47608283e-01  1.41800518e-01  5.47608283e-01  1.38181684e+00 
 5.47637678e-01  8.52926802e-01  5.47637678e-01  6.23431100e-01  5.47637678e-01  1.42126178e-01  5.47637678e-01  1.39227973e+00 
 5.47696467e-01  8.74353689e-01  5.47696467e-01  6.23618821e-01  5.47696467e-01  1.42775801e-01  5.47696467e-01  1.41320525e+00 
 5.47779484e-01  9.04610866e-01  5.47779484e-01  6.23955120e-01  5.47779484e-01  1.43689432e-01  5.47779484e-01  1.44277568e+00 
 5.47945518e-01  9.65125218e-01  5.47945518e-01  6.24876646e-01  5.47945518e-01  1.45504694e-01  5.47945518e-01  1.50180946e+00 
 5.48277587e-01  1.08615392e+00  5.48277587e-01  6.27706426e-01  5.48277587e-01  1.49094653e-01  5.48277587e-01  1.61956950e+00 
 5.48941723e-01  1.32821133e+00  5.48941723e-01  6.37242442e-01  5.48941723e-01  1.56169451e-01  5.48941723e-01  1.85351861e+00 
 5.49288531e-01  1.45461219e+00  5.49288531e-01  6.44246164e-01  5.49288531e-01  1.59832235e-01  5.49288531e-01  1.98031473e+00 
 5.49644266e-01  1.58426645e+00  5.49644266e-01  6.52841253e-01  5.49644266e-01  1.63591568e-01  5.49644266e-01  2.08972699e+00 
 5.50000000e-01  1.71392071e+00  5.50000000e-01  6.62843820e-01  5.50000000e-01  1.67369555e-01  5.50000000e-01  2.20368802e+00 
 5.50069970e-01  1.68760592e+00  5.50069970e-01  6.64881567e-01  5.50069970e-01  1.68116467e-01  5.50069970e-01  2.22309616e+00 
 5.50209910e-01  1.63497635e+00  5.50209910e-01  6.68823406e-01  5.50209910e-01  1.69612334e-01  5.50209910e-01  2.26639655e+00 
 5.50243320e-01  1.62241122e+00  5.50243320e-01  6.69717429e-01  5.50243320e-01  1.69970133e-01  5.50243320e-01  2.27607228e+00 
 5.50310140e-01  1.59728095e+00  5.50310140e-01  6.71475182e-01  5.50310140e-01  1.70686055e-01  5.50310140e-01  2.29629628e+00 
 5.50326846e-01  1.59099838e+00  5.50326846e-01  6.71903269e-01  5.50326846e-01  1.70865151e-01  5.50326846e-01  2.30118229e+00 
 5.50331523e-01  1.58923929e+00  5.50331523e-01  6.72022983e-01  5.50331523e-01  1.70915298e-01  5.50331523e-01  2.30257885e+00 
 5.50340878e-01  1.58572110e+00  5.50340878e-01  6.72261524e-01  5.50340878e-01  1.71015600e-01  5.50340878e-01  2.30537107e+00 
 5.50353947e-01  1.58080597e+00  5.50353947e-01  6.72591702e-01  5.50353947e-01  1.54383088e-01  5.50353947e-01  1.79427253e+00 
 5.50370650e-01  1.57452424e+00  5.50370650e-01  6.73007133e-01  5.50370650e-01  1.33147889e-01  5.50370650e-01  1.11402348e+00 
 5.50404055e-01  1.56196078e+00  5.50404055e-01  6.73823140e-01  5.50404055e-01  1.33593305e-01  5.50404055e-01  1.12717124e+00 
 5.50470867e-01  1.53683386e+00  5.50470867e-01  6.75410152e-01  5.50470867e-01  1.34483764e-01  5.50470867e-01  1.15364421e+00 
 5.50558678e-01  1.50380912e+00  5.50558678e-01  6.77404972e-01  5.50558678e-01  1.35653170e-01  5.50558678e-01  1.18889169e+00 
 5.50734301e-01  1.43775964e+00  5.50734301e-01  6.81086095e-01  5.50734301e-01  1.37987572e-01  5.50734301e-01  1.26015915e+00 
 5.51085547e-01  1.30566068e+00  5.51085547e-01  6.87225873e-01  5.51085547e-01  1.42630140e-01  5.51085547e-01  1.40573598e+00 
 5.51788039e-01  1.04146276e+00  5.51788039e-01  6.94706518e-01  5.51788039e-01  1.51744552e-01  5.51788039e-01  1.70287521e+00 
 5.52130372e-01  9.12715970e-01  5.52130372e-01  6.96067403e-01  5.52130372e-01  1.56079254e-01  5.52130372e-01  1.86615125e+00 
 5.52642424e-01  7.20139744e-01  5.52642424e-01  6.95380502e-01  5.52642424e-01  1.62382630e-01  5.52642424e-01  2.05117415e+00 
 5.52808560e-01  6.57658392e-01  5.52808560e-01  6.94464065e-01  5.52808560e-01  1.64376225e-01  5.52808560e-01  2.11886427e+00 
 5.53140831e-01  5.32695690e-01  5.53140831e-01  6.91629946e-01  5.53140831e-01  1.68275742e-01  5.53140831e-01  2.23036606e+00 
 5.53181703e-01  5.17324201e-01  5.53181703e-01  6.91179555e-01  5.53181703e-01  1.68746112e-01  5.53181703e-01  2.24117789e+00 
 5.53263447e-01  4.86581223e-01  5.53263447e-01  6.90238936e-01  5.53263447e-01  1.69682956e-01  5.53263447e-01  2.26812501e+00 
 5.53283883e-01  4.78895478e-01  5.53283883e-01  6.89988856e-01  5.53283883e-01  1.69915697e-01  5.53283883e-01  2.27453387e+00 
 5.53324755e-01  4.63523989e-01  5.53324755e-01  6.89478772e-01  5.53324755e-01  1.70380183e-01  5.53324755e-01  2.28766591e+00 
 5.53334973e-01  4.59681117e-01  5.53334973e-01  6.89347531e-01  5.53334973e-01  1.70495930e-01  5.53334973e-01  2.29086586e+00 
 5.53355409e-01  4.51995373e-01  5.53355409e-01  6.89082571e-01  5.53355409e-01  1.70727172e-01  5.53355409e-01  2.29734566e+00 
 5.53360518e-01  4.50073936e-01  5.53360518e-01  6.89015403e-01  5.53360518e-01  1.70784888e-01  5.53360518e-01  2.29898068e+00 
 5.53370737e-01  4.46231064e-01  5.53370737e-01  6.88880447e-01  5.53370737e-01  1.70900256e-01  5.53370737e-01  2.30216300e+00 
 5.53391173e-01  4.38545320e-01  5.53391173e-01  6.88606826e-01  5.53391173e-01  1.71130613e-01  5.53391173e-01  2.30857429e+00 
 5.53396282e-01  4.36623884e-01  5.53396282e-01  6.88536809e-01  5.53396282e-01  1.57784268e-01  5.53396282e-01  1.90482534e+00 
 5.53398724e-01  4.35705470e-01  5.53398724e-01  6.88503230e-01  5.53398724e-01  1.51532432e-01  5.53398724e-01  1.70055442e+00 
 5.53402398e-01  4.34323530e-01  5.53402398e-01  6.88452290e-01  5.53402398e-01  1.42591472e-01  5.53402398e-01  1.40635573e+00 
 5.53404176e-01  4.33654995e-01  5.53404176e-01  6.88427473e-01  5.53404176e-01  1.38460190e-01  5.53404176e-01  1.26895284e+00 
 5.53405491e-01  4.33160354e-01  5.53405491e-01  6.88409040e-01  5.53405491e-01  1.35481595e-01  5.53405491e-01  1.17995275e+00 
 5.53406477e-01  4.32789526e-01  5.53406477e-01  6.88395182e-01  5.53406477e-01  1.33291126e-01  5.53406477e-01  1.11559326e+00 
 5.53407296e-01  4.32481550e-01  5.53407296e-01  6.88383648e-01  5.53407296e-01  1.31499158e-01  5.53407296e-01  1.06456150e+00 
 5.53408934e-01  4.31865598e-01  5.53408934e-01  6.88360527e-01  5.53408934e-01  1.29730974e-01  5.53408934e-01  1.01482549e+00 
 5.53412209e-01  4.30633694e-01  5.53412209e-01  6.88314159e-01  5.53412209e-01  1.29777088e-01  5.53412209e-01  1.01680028e+00 
 5.53418760e-01  4.28169885e-01  5.53418760e-01  6.88221046e-01  5.53418760e-01  1.29869270e-01  5.53418760e-01  1.01939474e+00 
 5.53431863e-01  4.23242269e-01  5.53431863e-01  6.88033302e-01  5.53431863e-01  1.30053448e-01  5.53431863e-01  1.02458668e+00 
 5.53458068e-01  4.13387036e-01  5.53458068e-01  6.87651754e-01  5.53458068e-01  1.30421061e-01  5.53458068e-01  1.03498236e+00 
 5.53510477e-01  3.93676570e-01  5.53510477e-01  6.86864447e-01  5.53510477e-01  1.31153297e-01  5.53510477e-01  1.05581814e+00 
 5.53615296e-01  3.54255638e-01  5.53615296e-01  6.85193261e-01  5.53615296e-01  1.32605651e-01  5.53615296e-01  1.09764563e+00 
 5.53824933e-01  2.75413775e-01  5.53824933e-01  6.81466717e-01  5.53824933e-01  1.35460647e-01  5.53824933e-01  1.18174765e+00 
 5.54244208e-01  1.17730048e-01  5.54244208e-01  6.72493692e-01  5.54244208e-01  1.40962186e-01  5.54244208e-01  1.35030759e+00 
 5.55082757e-01 -1.97637405e-01  5.55082757e-01  6.48598923e-01  5.55082757e-01  1.51059010e-01  5.55082757e-01  1.67750000e+00 
 5.55648026e-01 -4.10227600e-01  5.55648026e-01  6.28106755e-01  5.55648026e-01  1.57134787e-01  5.55648026e-01  1.89160114e+00 
 5.56186297e-01 -6.12664193e-01  5.56186297e-01  6.05404124e-01  5.56186297e-01  1.62325665e-01  5.56186297e-01  2.05099397e+00 
 5.56539261e-01 -7.45409157e-01  5.56539261e-01  5.88860134e-01  5.56539261e-01  1.65398971e-01  5.56539261e-01  2.14537690e+00 
 5.56826582e-01 -8.53467021e-01  5.56826582e-01  5.74440245e-01  5.56826582e-01  1.67699689e-01  5.56826582e-01  2.21231074e+00 
 5.56892725e-01 -8.78342259e-01  5.56892725e-01  5.70978458e-01  5.56892725e-01  1.68198340e-01  5.56892725e-01  2.22536045e+00 
 5.57025009e-01 -9.28092734e-01  5.57025009e-01  5.63965943e-01  5.57025009e-01  1.69175763e-01  5.57025009e-01  2.25369339e+00 
 5.57289578e-01 -1.02759369e+00  5.57289578e-01  5.49410147e-01  5.57289578e-01  1.71010087e-01  5.57289578e-01  2.30593278e+00 
 5.57293776e-01 -1.02917252e+00  5.57293776e-01  5.49172937e-01  5.57293776e-01  1.59877179e-01  5.57293776e-01  1.97177219e+00 
 5.57297234e-01 -1.03047286e+00  5.57297234e-01  5.48977356e-01  5.57297234e-01  1.50965395e-01  5.57297234e-01  1.66931967e+00 
 5.57299944e-01 -1.03149197e+00  5.57299944e-01  5.48823780e-01  5.57299944e-01  1.44332737e-01  5.57299944e-01  1.45354834e+00 
 5.57301906e-01 -1.03223019e+00  5.57301906e-01  5.48712376e-01  5.57301906e-01  1.39712625e-01  5.57301906e-01  1.30706572e+00 
 5.57303388e-01 -1.03278750e+00  5.57303388e-01  5.48628186e-01  5.57303388e-01  1.36323801e-01  5.57303388e-01  1.20424330e+00 
 5.57304370e-01 -1.03315683e+00  5.57304370e-01  5.48572356e-01  5.57304370e-01  1.34123900e-01  5.57304370e-01  1.13914784e+00 
 5.57305452e-01 -1.03356363e+00  5.57305452e-01  5.48510823e-01  5.57305452e-01  1.31742133e-01  5.57305452e-01  1.07214207e+00 
 5.57307254e-01 -1.03424122e+00  5.57307254e-01  5.48408268e-01  5.57307254e-01  1.29784961e-01  5.57307254e-01  1.01620206e+00 
 5.57310857e-01 -1.03559639e+00  5.57310857e-01  5.48203024e-01  5.57310857e-01  1.29818858e-01  5.57310857e-01  1.01797627e+00 
 5.57318064e-01 -1.03830673e+00  5.57318064e-01  5.47792149e-01  5.57318064e-01  1.29886552e-01  5.57318064e-01  1.01988267e+00 
 5.57332477e-01 -1.04372741e+00  5.57332477e-01  5.46968845e-01  5.57332477e-01  1.30021546e-01  5.57332477e-01  1.02368876e+00 
 5.57361304e-01 -1.05456876e+00  5.57361304e-01  5.45316028e-01  5.57361304e-01  1.30289945e-01  5.57361304e-01  1.03127370e+00 
 5.57418957e-01 -1.07625148e+00  5.57418957e-01  5.41985598e-01  5.57418957e-01  1.30820381e-01  5.57418957e-01  1.04633226e+00 
 5.57534264e-01 -1.11961692e+00  5.57534264e-01  5.35225841e-01  5.57534264e-01  1.31855695e-01  5.57534264e-01  1.07598489e+00 
 5.57764878e-01 -1.20634780e+00  5.57764878e-01  5.21313048e-01  5.57764878e-01  1.33823205e-01  5.57764878e-01  1.13328242e+00 
 5.58049089e-01 -1.31323576e+00  5.58049089e-01  5.03451280e-01  5.58049089e-01  1.36056679e-01  5.58049089e-01  1.20054170e+00 
 5.58333300e-01 -1.42012373e+00  5.58333300e-01  4.84807727e-01  5.58333300e-01  1.38075936e-01  5.58333300e-01  1.26314902e+00 
 5.58390142e-01 -1.40201428e+00  5.58390142e-01  4.81045082e-01  5.58390142e-01  1.38449623e-01  5.58390142e-01  1.27545587e+00 
 5.58503827e-01 -1.36579537e+00  5.58503827e-01  4.73607154e-01  5.58503827e-01  1.39180067e-01  5.58503827e-01  1.29833880e+00 
 5.58731195e-01 -1.29335757e+00  5.58731195e-01  4.59252784e-01  5.58731195e-01  1.40542117e-01  5.58731195e-01  1.34132006e+00 
 5.59185933e-01 -1.14848196e+00  5.59185933e-01  4.32603500e-01  5.59185933e-01  1.42897692e-01  5.59185933e-01  1.41657747e+00 
 5.60095407e-01 -8.58730736e-01  5.60095407e-01  3.87336458e-01  5.60095407e-01  1.46338622e-01  5.60095407e-01  1.52847759e+00 
 5.61914357e-01 -2.79228293e-01  5.61914357e-01  3.27363171e-01  5.61914357e-01  1.49612713e-01  5.61914357e-01  1.63685772e+00 
 5.64290528e-01  4.77800517e-01  5.64290528e-01  3.06174156e-01  5.64290528e-01  1.50349881e-01  5.64290528e-01  1.66154486e+00 
 5.66666700e-01  1.23482933e+00  5.66666700e-01  3.44107574e-01  5.66666700e-01  1.51589674e-01  5.66666700e-01  1.70245704e+00 
 5.67141934e-01  1.22395890e+00  5.67141934e-01  3.56871032e-01  5.67141934e-01  1.52297168e-01  5.67141934e-01  1.72576530e+00 
 5.68092403e-01  1.20221803e+00  5.68092403e-01  3.81553562e-01  5.68092403e-01  1.54046353e-01  5.68092403e-01  1.78335469e+00 
 5.69993340e-01  1.15873631e+00  5.69993340e-01  4.26068584e-01  5.69993340e-01  1.59283319e-01  5.69993340e-01  1.95493187e+00 
 5.70732454e-01  1.14182994e+00  5.70732454e-01  4.41698541e-01  5.70732454e-01  1.61863037e-01  5.70732454e-01  2.04345612e+00 
 5.71763285e-01  1.11825089e+00  5.71763285e-01  4.62032428e-01  5.71763285e-01  1.65847613e-01  5.71763285e-01  2.15679119e+00 
 5.71950772e-01  1.11396234e+00  5.71950772e-01  4.65524481e-01  5.71950772e-01  1.66622239e-01  5.71950772e-01  2.17918109e+00 
 5.72325746e-01  1.10538525e+00  5.72325746e-01  4.72402053e-01  5.72325746e-01  1.68194333e-01  5.72325746e-01  2.22572398e+00 
 5.72419489e-01  1.10324098e+00  5.72419489e-01  4.74081666e-01  5.72419489e-01  1.68595744e-01  5.72419489e-01  2.23684809e+00 
 5.72606976e-01  1.09895243e+00  5.72606976e-01  4.77414709e-01  5.72606976e-01  1.69403805e-01  5.72606976e-01  2.26014089e+00 
 5.72981950e-01  1.09037534e+00  5.72981950e-01  4.83925020e-01  5.72981950e-01  1.71049999e-01  5.72981950e-01  2.30690520e+00 
 5.72988505e-01  1.09022540e+00  5.72988505e-01  4.84035859e-01  5.72988505e-01  1.54266356e-01  5.72988505e-01  1.79044907e+00 
 5.72990602e-01  1.09017744e+00  5.72990602e-01  4.84071254e-01  5.72990602e-01  1.48990200e-01  5.72990602e-01  1.61668112e+00 
 5.72994057e-01  1.09009841e+00  5.72994057e-01  4.84129322e-01  5.72994057e-01  1.40688940e-01  5.72994057e-01  1.34585503e+00 
 5.72995631e-01  1.09006240e+00  5.72995631e-01  4.84155688e-01  5.72995631e-01  1.37062373e-01  5.72995631e-01  1.22661468e+00 
 5.72996795e-01  1.09003578e+00  5.72996795e-01  4.84175136e-01  5.72996795e-01  1.34442665e-01  5.72996795e-01  1.14925570e+00 
 5.72997689e-01  1.09001533e+00  5.72997689e-01  4.84190059e-01  5.72997689e-01  1.32463820e-01  5.72997689e-01  1.09187144e+00 
 5.72999478e-01  1.08997441e+00  5.72999478e-01  4.84219867e-01  5.72999478e-01  1.30506212e-01  5.72999478e-01  1.03663016e+00 
 5.73003055e-01  1.08989259e+00  5.73003055e-01  4.84279435e-01  5.73003055e-01  1.30532050e-01  5.73003055e-01  1.03816748e+00 
 5.73010209e-01  1.08972894e+00  5.73010209e-01  4.84398516e-01  5.73010209e-01  1.30583727e-01  5.73010209e-01  1.03963849e+00 
 5.73024518e-01  1.08940165e+00  5.73024518e-01  4.84636461e-01  5.73024518e-01  1.30687090e-01  5.73024518e-01  1.04258329e+00 
 5.73053135e-01  1.08874706e+00  5.73053135e-01  4.85111485e-01  5.73053135e-01  1.30893854e-01  5.73053135e-01  1.04848405e+00 
 5.73110370e-01  1.08743789e+00  5.73110370e-01  4.86058074e-01  5.73110370e-01  1.31307523e-01  5.73110370e-01  1.06032993e+00 
 5.73224839e-01  1.08481953e+00  5.73224839e-01  4.87937461e-01  5.73224839e-01  1.32135399e-01  5.73224839e-01  1.08419655e+00 
 5.73453778e-01  1.07958283e+00  5.73453778e-01  4.91641414e-01  5.73453778e-01  1.33793012e-01  5.73453778e-01  1.13260838e+00 
 5.73911655e-01  1.06910942e+00  5.73911655e-01  4.98832739e-01  5.73911655e-01  1.37113505e-01  5.73911655e-01  1.23196960e+00 
 5.74455827e-01  1.05666211e+00  5.74455827e-01  5.07010102e-01  5.74455827e-01  1.41064006e-01  5.74455827e-01  1.35599434e+00 
 5.75000000e-01  1.04421480e+00  5.75000000e-01  5.14794973e-01  5.75000000e-01  1.45012417e-01  5.75000000e-01  1.48443504e+00 
 5.75108835e-01  1.01085893e+00  5.75108835e-01  5.16186447e-01  5.75108835e-01  1.45800723e-01  5.75108835e-01  1.51171047e+00 
 5.75326504e-01  9.44147185e-01  5.75326504e-01  5.18717154e-01  5.75326504e-01  1.47374810e-01  5.75326504e-01  1.56332896e+00 
 5.75761842e-01  8.10723699e-01  5.75761842e-01  5.22279215e-01  5.75761842e-01  1.50497334e-01  5.75761842e-01  1.66620800e+00 
 5.76632518e-01  5.43876726e-01  5.76632518e-01  5.23543752e-01  5.76632518e-01  1.56539780e-01  5.76632518e-01  1.86579248e+00 
 5.77322843e-01  3.32304187e-01  5.77322843e-01  5.19125516e-01  5.77322843e-01  1.61045525e-01  5.77322843e-01  2.01431425e+00 
 5.77924991e-01  1.47756174e-01  5.77924991e-01  5.11478181e-01  5.77924991e-01  1.64687038e-01  5.77924991e-01  2.12368109e+00 
 5.78351456e-01  1.70521398e-02  5.78351456e-01  5.03974159e-01  5.78351456e-01  1.67070615e-01  5.78351456e-01  2.19442719e+00 
 5.78721075e-01 -9.62296471e-02  5.78721075e-01  4.96098472e-01  5.78721075e-01  1.68987421e-01  5.78721075e-01  2.24910051e+00 
 5.78801926e-01 -1.21009084e-01  5.78801926e-01  4.94177921e-01  5.78801926e-01  1.69383434e-01  5.78801926e-01  2.25942533e+00 
 5.78963628e-01 -1.70567959e-01  5.78963628e-01  4.90217760e-01  5.78963628e-01  1.70160496e-01  5.78963628e-01  2.28157017e+00 
 5.79004054e-01 -1.82957678e-01  5.79004054e-01  4.89183148e-01  5.79004054e-01  1.70349104e-01  5.79004054e-01  2.28674689e+00 
 5.79084905e-01 -2.07737115e-01  5.79084905e-01  4.87084361e-01  5.79084905e-01  1.70722462e-01  5.79084905e-01  2.29723283e+00 
 5.79105118e-01 -2.13931974e-01  5.79105118e-01  4.86548587e-01  5.79105118e-01  1.70814349e-01  5.79105118e-01  2.29976638e+00 
 5.79145543e-01 -2.26321693e-01  5.79145543e-01  4.85469674e-01  5.79145543e-01  1.70997143e-01  5.79145543e-01  2.30486313e+00 
 5.79155650e-01 -2.29419123e-01  5.79155650e-01  4.85197185e-01  5.79155650e-01  1.71042473e-01  5.79155650e-01  2.30611560e+00 
 5.79175862e-01 -2.35613982e-01  5.79175862e-01  4.84650368e-01  5.79175862e-01  1.71132888e-01  5.79175862e-01  2.30862749e+00 
 5.79180916e-01 -2.37162697e-01  5.79180916e-01  4.84512975e-01  5.79180916e-01  1.71155399e-01  5.79180916e-01  2.30925554e+00 
 5.79191022e-01 -2.40260126e-01  5.79191022e-01  4.84237058e-01  5.79191022e-01  1.57930646e-01  5.79191022e-01  1.90953846e+00 
 5.79209723e-01 -2.45991745e-01  5.79209723e-01  4.83720537e-01  5.79209723e-01  1.33482813e-01  5.79209723e-01  1.12393114e+00 
 5.79247126e-01 -2.57454981e-01  5.79247126e-01  4.82673520e-01  5.79247126e-01  1.33743746e-01  5.79247126e-01  1.13166662e+00 
 5.79321931e-01 -2.80381454e-01  5.79321931e-01  4.80542052e-01  5.79321931e-01  1.34259663e-01  5.79321931e-01  1.14702464e+00 
 5.79413718e-01 -3.08512563e-01  5.79413718e-01  4.77858701e-01  5.79413718e-01  1.34881765e-01  5.79413718e-01  1.16569611e+00 
 5.79597292e-01 -3.64774780e-01  5.79597292e-01  4.72268379e-01  5.79597292e-01  1.36089183e-01  5.79597292e-01  1.20217906e+00 
 5.79964440e-01 -4.77299215e-01  5.79964440e-01  4.60201739e-01  5.79964440e-01  1.38352434e-01  5.79964440e-01  1.27162371e+00 
 5.80698736e-01 -7.02348084e-01  5.80698736e-01  4.32590981e-01  5.80698736e-01  1.42239065e-01  5.80698736e-01  1.39397838e+00 
 5.82016018e-01 -1.10607197e+00  5.82016018e-01  3.71832818e-01  5.82016018e-01  1.46887203e-01  5.82016018e-01  1.54567787e+00 
 5.83333300e-01 -1.50979586e+00  5.83333300e-01  2.97250026e-01  5.83333300e-01  1.48291565e-01  5.83333300e-01  1.59357501e+00 
 5.83596756e-01 -1.51532410e+00  5.83596756e-01  2.81123366e-01  5.83596756e-01  1.48094238e-01  5.83596756e-01  1.58713939e+00 
 5.84123669e-01 -1.52638059e+00  5.84123669e-01  2.49136379e-01  5.84123669e-01  1.47430625e-01  5.84123669e-01  1.56527284e+00 
 5.85177495e-01 -1.54849358e+00  5.85177495e-01  1.86716839e-01  5.85177495e-01  1.44572082e-01  5.85177495e-01  1.47120192e+00 
 5.87285146e-01 -1.59271954e+00  5.87285146e-01  6.76865255e-02  5.87285146e-01  1.33485333e-01  5.87285146e-01  1.12400585e+00 
 5.89475923e-01 -1.63868977e+00  5.89475923e-01 -4.84853206e-02  5.89475923e-01  1.15546042e-01  5.89475923e-01  6.64306312e-01 
 5.91666700e-01 -1.68466001e+00  5.91666700e-01 -1.57762371e-01  5.91666700e-01  9.24467479e-02  5.91666700e-01  3.00124117e-01 
 5.92104855e-01 -1.66848006e+00  5.92104855e-01 -1.78362106e-01  5.92104855e-01  8.72300166e-02  5.92104855e-01  2.47845066e-01 
 5.92981166e-01 -1.63612016e+00  5.92981166e-01 -2.18376090e-01  5.92981166e-01  7.65324346e-02  5.92981166e-01  1.65901500e-01 
 5.94733788e-01 -1.57140036e+00  5.94733788e-01 -2.91562400e-01  5.94733788e-01  5.38306451e-02  5.94733788e-01  6.89774575e-02 
 5.97366894e-01 -1.47416653e+00  5.97366894e-01 -3.85641074e-01  5.97366894e-01  1.76782434e-02  5.97366894e-01  1.65071359e-02 
 6.00000000e-01 -1.37693270e+00  6.00000000e-01 -4.62402877e-01  6.00000000e-01 -1.93847286e-02  6.00000000e-01  3.76274118e-03 
 6.00526621e-01 -1.23045821e+00  6.00526621e-01 -4.73341396e-01  6.00526621e-01 -2.67318173e-02  6.00526621e-01  2.80542366e-03 
 6.01579864e-01 -9.37509237e-01  6.01579864e-01 -4.89777089e-01  6.01579864e-01 -4.11940720e-02  6.01579864e-01  1.57371312e-03 
 6.03686349e-01 -3.51611283e-01  6.03686349e-01 -4.91402066e-01  6.03686349e-01 -6.77971225e-02  6.03686349e-01  5.43148911e-04 
 6.06009824e-01  2.94640531e-01  6.06009824e-01 -4.48159831e-01  6.06009824e-01 -9.15328037e-02  6.06009824e-01  2.10199521e-04 
 6.08333300e-01  9.40892346e-01  6.08333300e-01 -3.61845007e-01  6.08333300e-01 -1.07129058e-01  6.08333300e-01  1.12644470e-04 
 6.08797995e-01  8.24404078e-01  6.08797995e-01 -3.42681035e-01  6.08797995e-01 -1.08976668e-01  6.08797995e-01  1.04319831e-04 
 6.09727385e-01  5.91427542e-01  6.09727385e-01 -3.08661179e-01  6.09727385e-01 -1.12047418e-01  6.09727385e-01  9.17699217e-05 
 6.11586166e-01  1.25474469e-01  6.11586166e-01 -2.65444276e-01  6.11586166e-01 -1.15388916e-01  6.11586166e-01  8.01608194e-05 
 6.14126433e-01 -5.11311399e-01  6.14126433e-01 -2.56033221e-01  6.14126433e-01 -1.17273753e-01  6.14126433e-01  7.48485586e-05 
 6.16666700e-01 -1.14809727e+00  6.16666700e-01 -2.98768765e-01  6.16666700e-01 -1.20155749e-01  6.16666700e-01  6.64187379e-05 
 6.17174753e-01 -1.17872276e+00  6.17174753e-01 -3.12467354e-01  6.17174753e-01 -1.21238388e-01  6.17174753e-01  6.40018805e-05 
 6.18190860e-01 -1.23997375e+00  6.18190860e-01 -3.40301971e-01  6.18190860e-01 -1.23786583e-01  6.18190860e-01  5.75339651e-05 
 6.20223074e-01 -1.36247574e+00  6.20223074e-01 -3.98506854e-01  6.20223074e-01 -1.31111613e-01  6.20223074e-01  4.31617815e-05 
 6.22611537e-01 -1.50645247e+00  6.22611537e-01 -4.70993137e-01  6.22611537e-01 -1.43328512e-01  6.22611537e-01  2.64772143e-05 
 6.25000000e-01 -1.65042920e+00  6.25000000e-01 -5.47563784e-01  6.25000000e-01 -1.59187843e-01  6.25000000e-01  1.40400653e-05 
 6.25477693e-01 -1.47679037e+00  6.25477693e-01 -5.60259134e-01  6.25477693e-01 -1.62794894e-01  6.25477693e-01  1.20143449e-05 
 6.26433078e-01 -1.12951272e+00  6.26433078e-01 -5.79751418e-01  6.26433078e-01 -1.70081520e-01  6.26433078e-01  8.61133385e-06 
 6.28343848e-01 -4.34957419e-01  6.28343848e-01 -5.84746841e-01  6.28343848e-01 -1.84047165e-01  6.28343848e-01  5.19421166e-06 
 6.30838574e-01  4.71862662e-01  6.30838574e-01 -5.27837099e-01  6.30838574e-01 -1.97762890e-01  6.30838574e-01  2.34452096e-06 
 6.33333300e-01  1.37868274e+00  6.33333300e-01 -4.05440009e-01  6.33333300e-01 -2.02454300e-01  6.33333300e-01  2.43777289e-06 
 6.33832245e-01  1.18219903e+00  6.33832245e-01 -3.78599782e-01  6.33832245e-01 -2.01868366e-01  6.33832245e-01  2.54575483e-06 
 6.34830135e-01  7.89231617e-01  6.34830135e-01 -3.32443552e-01  6.34830135e-01 -1.99992797e-01  6.34830135e-01  2.73748444e-06 
 6.36825916e-01  3.29678056e-03  6.36825916e-01 -2.83380252e-01  6.36825916e-01 -1.93635746e-01  6.36825916e-01  3.44279445e-06 
 6.39246308e-01 -9.49849208e-01  6.39246308e-01 -2.95781657e-01  6.39246308e-01 -1.85634641e-01  6.39246308e-01  4.67237300e-06 
 6.41666700e-01 -1.90299520e+00  6.41666700e-01 -3.79886318e-01  6.41666700e-01 -1.82451480e-01  6.41666700e-01  5.49530781e-06 
 6.42150778e-01 -1.68630234e+00  6.42150778e-01 -3.99599258e-01  6.42150778e-01 -1.82850923e-01  6.42150778e-01  5.44809193e-06 
 6.43118935e-01 -1.25291662e+00  6.43118935e-01 -4.31371712e-01  6.43118935e-01 -1.84120492e-01  6.43118935e-01  5.17209044e-06 
 6.45055249e-01 -3.86145185e-01  6.45055249e-01 -4.50857247e-01  6.45055249e-01 -1.87974838e-01  6.45055249e-01  4.38053398e-06 
 6.47527624e-01  7.20589107e-01  6.47527624e-01 -3.96374812e-01  6.47527624e-01 -1.90882915e-01  6.47527624e-01  3.92267798e-06 
 6.50000000e-01  1.82732340e+00  6.50000000e-01 -2.60839553e-01  6.50000000e-01 -1.86117931e-01  6.50000000e-01  4.70474639e-06 
 6.50494475e-01  1.62394132e+00  6.50494475e-01 -2.30051915e-01  6.50494475e-01 -1.83702611e-01  6.50494475e-01  5.24324388e-06 
 6.51483425e-01  1.21717716e+00  6.51483425e-01 -1.76305429e-01  6.51483425e-01 -1.78172936e-01  6.51483425e-01  6.43112850e-06 
 6.53461326e-01  4.03648850e-01  6.53461326e-01 -1.13830844e-01  6.53461326e-01 -1.64574971e-01  6.53461326e-01  1.13184117e-05 
 6.55897313e-01 -5.98294578e-01  6.55897313e-01 -1.13537756e-01  6.55897313e-01 -1.47806699e-01  6.55897313e-01  2.21349621e-05 
 6.58333300e-01 -1.60023801e+00  6.58333300e-01 -1.90227628e-01  6.58333300e-01 -1.36478571e-01  6.58333300e-01  3.48230540e-05 
 6.58820497e-01 -1.59591630e+00  6.58820497e-01 -2.12322399e-01  6.58820497e-01 -1.35418345e-01  6.58820497e-01  3.62998508e-05 
 6.59794892e-01 -1.58727289e+00  6.59794892e-01 -2.55454282e-01  6.59794892e-01 -1.34044102e-01  6.59794892e-01  3.83287291e-05 
 6.61743682e-01 -1.56998608e+00  6.61743682e-01 -3.35666712e-01  6.61743682e-01 -1.35309092e-01  6.61743682e-01  3.64424132e-05 
 6.64205191e-01 -1.54815116e+00  6.64205191e-01 -4.26374247e-01  6.64205191e-01 -1.43152853e-01  6.64205191e-01  2.66639059e-05 
 6.66666700e-01 -1.52631625e+00  6.66666700e-01 -5.06440053e-01  6.66666700e-01 -1.56242117e-01  6.66666700e-01  1.57957918e-05 
 6.67159002e-01 -1.38425114e+00  6.67159002e-01 -5.18871279e-01  6.67159002e-01 -1.59394689e-01  6.67159002e-01  1.38039063e-05 
 6.68143605e-01 -1.10012091e+00  6.68143605e-01 -5.38680131e-01  6.68143605e-01 -1.65809113e-01  6.68143605e-01  1.03517199e-05 
 6.70112813e-01 -5.31860454e-01  6.70112813e-01 -5.49214361e-01  6.70112813e-01 -1.78357952e-01  6.70112813e-01  6.52155578e-06 
 6.72556406e-01  1.73295205e-01  6.72556406e-01 -5.12134794e-01  6.72556406e-01 -1.90765167e-01  6.72556406e-01  3.28498844e-06 
 6.75000000e-01  8.78450863e-01  6.75000000e-01 -4.24446398e-01  6.75000000e-01 -1.96570460e-01  6.75000000e-01  3.04830065e-06 
 6.75488719e-01  9.27961399e-01  6.75488719e-01 -4.01781068e-01  6.75488719e-01 -1.96551726e-01  6.75488719e-01  3.14987497e-06 
 6.76466156e-01  1.02698247e+00  6.76466156e-01 -3.55807202e-01  6.76466156e-01 -1.95790729e-01  6.76466156e-01  3.24575753e-06 
 6.78421031e-01  1.22502462e+00  6.78421031e-01 -2.60117806e-01  6.78421031e-01 -1.90085088e-01  6.78421031e-01  3.98833268e-06 
 6.80877166e-01  1.47384776e+00  6.80877166e-01 -1.33196888e-01  6.80877166e-01 -1.75506004e-01  6.80877166e-01  6.45885977e-06 
 6.83333300e-01  1.72267091e+00  6.83333300e-01  6.68697851e-04  6.83333300e-01 -1.53335430e-01  6.83333300e-01  1.77433438e-05 
 6.83824527e-01  1.70933036e+00  6.83824527e-01  2.73488699e-02  6.83824527e-01 -1.47922281e-01  6.83824527e-01  2.15852178e-05 
 6.84806981e-01  1.68264924e+00  6.84806981e-01  7.92235917e-02  6.84806981e-01 -1.36625766e-01  6.84806981e-01  3.46186271e-05 
 6.86771888e-01  1.62928701e+00  6.86771888e-01  1.74445737e-01  6.86771888e-01 -1.11650615e-01  6.86771888e-01  9.40080049e-05 
 6.89219294e-01  1.56282128e+00  6.89219294e-01  2.78329651e-01  6.89219294e-01 -7.73755510e-02  6.89219294e-01  3.70294550e-04 
 6.91666700e-01  1.49635554e+00  6.91666700e-01  3.67421343e-01  6.91666700e-01 -4.11262218e-02  6.91666700e-01  1.57798795e-03 
 6.92156181e-01  1.53044611e+00  6.92156181e-01  3.84080382e-01  6.92156181e-01 -3.37313104e-02  6.92156181e-01  2.12077686e-03 
 6.93135144e-01  1.59862725e+00  6.93135144e-01  4.17866925e-01  6.93135144e-01 -1.88867442e-02  6.93135144e-01  3.83835605e-03 
 6.95093068e-01  1.73498952e+00  6.95093068e-01  4.88140089e-01  6.95093068e-01  1.11928375e-02  6.95093068e-01  1.27498585e-02 
 6.97546534e-01  1.90586442e+00  6.97546534e-01  5.80936353e-01  6.97546534e-01  4.97960470e-02  6.97546534e-01  5.88808463e-02 
 7.00000000e-01  2.07673932e+00  7.00000000e-01  6.78547378e-01  7.00000000e-01  8.96116273e-02  7.00000000e-01  2.70585899e-01 
 7.00490693e-01  2.04355773e+00  7.00490693e-01  6.97618609e-01  7.00490693e-01  9.77447342e-02  7.00490693e-01  3.63171413e-01 
 7.01472080e-01  1.97719454e+00  7.01472080e-01  7.33982440e-01  7.01472080e-01  1.14058712e-01  7.01472080e-01  6.33300646e-01 
 7.02832541e-01  1.88519757e+00  7.02832541e-01  7.78677291e-01  7.02832541e-01  1.36701365e-01  7.02832541e-01  1.21278705e+00 
 7.02963538e-01  1.87633932e+00  7.02963538e-01  7.82638852e-01  7.02963538e-01  1.38876744e-01  7.02963538e-01  1.28887051e+00 
 7.03225532e-01  1.85862282e+00  7.03225532e-01  7.90387996e-01  7.03225532e-01  1.43220284e-01  7.03225532e-01  1.42534114e+00 
 7.03749519e-01  1.82318981e+00  7.03749519e-01  8.05200033e-01  7.03749519e-01  1.51871746e-01  7.03749519e-01  1.70794331e+00 
 7.03976249e-01  1.80785793e+00  7.03976249e-01  8.11328539e-01  7.03976249e-01  1.55598479e-01  7.03976249e-01  1.83398158e+00 
 7.04429708e-01  1.77719418e+00  7.04429708e-01  8.23087455e-01  7.04429708e-01  1.63014497e-01  7.04429708e-01  2.07566741e+00 
 7.04574883e-01  1.76737713e+00  7.04574883e-01  8.26712848e-01  7.04574883e-01  1.65377463e-01  7.04574883e-01  2.14618023e+00 
 7.04722438e-01  1.75739921e+00  7.04722438e-01  8.30329330e-01  7.04722438e-01  1.67772973e-01  7.04722438e-01  2.21411608e+00 
 7.04755537e-01  1.75516100e+00  7.04755537e-01  8.31129425e-01  7.04755537e-01  1.68309280e-01  7.04755537e-01  2.22857383e+00 
 7.04821735e-01  1.75068458e+00  7.04821735e-01  8.32722746e-01  7.04821735e-01  1.69381229e-01  7.04821735e-01  2.25959865e+00 
 7.04838284e-01  1.74956547e+00  7.04838284e-01  8.33118502e-01  7.04838284e-01  1.69648965e-01  7.04838284e-01  2.26697759e+00 
 7.04871383e-01  1.74732726e+00  7.04871383e-01  8.33908301e-01  7.04871383e-01  1.70184267e-01  7.04871383e-01  2.28217264e+00 
 7.04879658e-01  1.74676771e+00  7.04879658e-01  8.34105109e-01  7.04879658e-01  1.70318029e-01  7.04879658e-01  2.28587391e+00 
 7.04896207e-01  1.74564861e+00  7.04896207e-01  8.34498297e-01  7.04896207e-01  1.70585510e-01  7.04896207e-01  2.29338985e+00 
 7.04929306e-01  1.74341039e+00  7.04929306e-01  8.35282110e-01  7.04929306e-01  1.71120214e-01  7.04929306e-01  2.30833675e+00 
 7.04936523e-01  1.74292237e+00  7.04936523e-01  8.35451155e-01  7.04936523e-01  1.52892390e-01  7.04936523e-01  1.74534254e+00 
 7.04938702e-01  1.74277500e+00  7.04938702e-01  8.35502138e-01  7.04938702e-01  1.47486270e-01  7.04938702e-01  1.56711672e+00 
 7.04941676e-01  1.74257395e+00  7.04941676e-01  8.35571477e-01  7.04941676e-01  1.40420897e-01  7.04941676e-01  1.33625226e+00 
 7.04943242e-01  1.74246805e+00  7.04943242e-01  8.35607907e-01  7.04943242e-01  1.36838433e-01  7.04943242e-01  1.21995466e+00 
 7.04944363e-01  1.74239220e+00  7.04944363e-01  8.35633960e-01  7.04944363e-01  1.34329604e-01  7.04944363e-01  1.14576767e+00 
 7.04945302e-01  1.74232872e+00  7.04945302e-01  8.35655738e-01  7.04945302e-01  1.32265978e-01  7.04945302e-01  1.08646225e+00 
 7.04947179e-01  1.74220177e+00  7.04947179e-01  8.35699246e-01  7.04947179e-01  1.30236323e-01  7.04947179e-01  1.02888235e+00 
 7.04950934e-01  1.74194787e+00  7.04950934e-01  8.35786192e-01  7.04950934e-01  1.30307498e-01  7.04950934e-01  1.03178590e+00 
 7.04958443e-01  1.74144007e+00  7.04958443e-01  8.35959953e-01  7.04958443e-01  1.30449826e-01  7.04958443e-01  1.03582445e+00 
 7.04973462e-01  1.74042447e+00  7.04973462e-01  8.36306956e-01  7.04973462e-01  1.30734392e-01  7.04973462e-01  1.04391835e+00 
 7.05003500e-01  1.73839326e+00  7.05003500e-01  8.36998890e-01  7.05003500e-01  1.31303170e-01  7.05003500e-01  1.06017274e+00 
 7.05063575e-01  1.73433086e+00  7.05063575e-01  8.38374477e-01  7.05063575e-01  1.32439297e-01  7.05063575e-01  1.09294247e+00 
 7.05183726e-01  1.72620604e+00  7.05183726e-01  8.41092632e-01  7.05183726e-01  1.34705779e-01  7.05183726e-01  1.15948138e+00 
 7.05424027e-01  1.70995641e+00  7.05424027e-01  8.46397692e-01  7.05424027e-01  1.39215244e-01  7.05424027e-01  1.29617744e+00 
 7.05904630e-01  1.67745715e+00  7.05904630e-01  8.56489278e-01  7.05904630e-01  1.48136953e-01  7.05904630e-01  1.58065431e+00 
 7.06169205e-01  1.65956611e+00  7.06169205e-01  8.61752758e-01  7.06169205e-01  1.52991583e-01  7.06169205e-01  1.74860462e+00 
 7.06563421e-01  1.63290847e+00  7.06563421e-01  8.69217601e-01  7.06563421e-01  1.60146848e-01  7.06563421e-01  1.98117354e+00 
 7.06711851e-01  1.62287134e+00  7.06711851e-01  8.71912106e-01  7.06711851e-01  1.62816256e-01  7.06711851e-01  2.07159444e+00 
 7.06924275e-01  1.60850687e+00  7.06924275e-01  8.75659127e-01  7.06924275e-01  1.66612412e-01  7.06924275e-01  2.17933555e+00 
 7.06960749e-01  1.60604041e+00  7.06960749e-01  8.76287756e-01  7.06960749e-01  1.67260929e-01  7.06960749e-01  2.19801176e+00 
 7.07033698e-01  1.60110748e+00  7.07033698e-01  8.77537513e-01  7.07033698e-01  1.68556255e-01  7.07033698e-01  2.23604226e+00 
 7.07135973e-01  1.59419144e+00  7.07135973e-01  8.79264486e-01  7.07135973e-01  1.70366542e-01  7.07135973e-01  2.28736702e+00 
 7.07152656e-01  1.59306333e+00  7.07152656e-01  8.79543005e-01  7.07152656e-01  1.70661095e-01  7.07152656e-01  2.29548814e+00 
 7.07157396e-01  1.59274280e+00  7.07157396e-01  8.79622111e-01  7.07157396e-01  1.70744780e-01  7.07157396e-01  2.29782558e+00 
 7.07166876e-01  1.59210172e+00  7.07166876e-01  8.79780133e-01  7.07166876e-01  1.70912108e-01  7.07166876e-01  2.30249618e+00 
 7.07179871e-01  1.59122297e+00  7.07179871e-01  8.79995251e-01  7.07179871e-01  1.54455860e-01  7.07179871e-01  1.79665536e+00 
 7.07196698e-01  1.59008512e+00  7.07196698e-01  8.80269878e-01  7.07196698e-01  1.33169210e-01  7.07196698e-01  1.11465292e+00 
 7.07230351e-01  1.58780940e+00  7.07230351e-01  8.80813154e-01  7.07230351e-01  1.33849961e-01  7.07230351e-01  1.13475285e+00 
 7.07297658e-01  1.58325797e+00  7.07297658e-01  8.81890370e-01  7.07297658e-01  1.35208592e-01  7.07297658e-01  1.17530509e+00 
 7.07386011e-01  1.57728339e+00  7.07386011e-01  8.83285564e-01  7.07386011e-01  1.36986214e-01  7.07386011e-01  1.22945432e+00 
 7.07562717e-01  1.56533424e+00  7.07562717e-01  8.86012079e-01  7.07562717e-01  1.40521521e-01  7.07562717e-01  1.33909242e+00 
 7.07916127e-01  1.54143593e+00  7.07916127e-01  8.91211867e-01  7.07916127e-01  1.47511729e-01  7.07916127e-01  1.56348573e+00 
 7.08333300e-01  1.51322594e+00  7.08333300e-01  8.96920391e-01  7.08333300e-01  1.55623682e-01  7.08333300e-01  1.83498734e+00 
 7.08403982e-01  1.49009503e+00  7.08403982e-01  8.97792278e-01  7.08403982e-01  1.56980737e-01  7.08403982e-01  1.87902393e+00 
 7.08545347e-01  1.44383320e+00  7.08545347e-01  8.99423969e-01  7.08545347e-01  1.59685627e-01  7.08545347e-01  1.96642294e+00 
 7.08828075e-01  1.35130956e+00  7.08828075e-01  9.02018872e-01  7.08828075e-01  1.65037495e-01  7.08828075e-01  2.13583358e+00 
 7.08931049e-01  1.31761103e+00  7.08931049e-01  9.02743691e-01  7.08931049e-01  1.66966808e-01  7.08931049e-01  2.19222066e+00 
 7.09035919e-01  1.28329227e+00  7.09035919e-01  9.03361952e-01  7.09035919e-01  1.68920066e-01  7.09035919e-01  2.24692998e+00 
 7.09059233e-01  1.27566263e+00  7.09059233e-01  9.03480034e-01  7.09059233e-01  1.69352396e-01  7.09059233e-01  2.25854059e+00 
 7.09105862e-01  1.26040334e+00  7.09105862e-01  9.03704315e-01  7.09105862e-01  1.70215855e-01  7.09105862e-01  2.28315888e+00 
 7.09117519e-01  1.25658852e+00  7.09117519e-01  9.03755931e-01  7.09117519e-01  1.70431267e-01  7.09117519e-01  2.28905301e+00 
 7.09140833e-01  1.24895887e+00  7.09140833e-01  9.03856197e-01  7.09140833e-01  1.70861789e-01  7.09140833e-01  2.30112907e+00 
 7.09146662e-01  1.24705146e+00  7.09146662e-01  9.03880152e-01  7.09146662e-01  1.70969305e-01  7.09146662e-01  2.30420789e+00 
 7.09158319e-01  1.24323664e+00  7.09158319e-01  9.03926441e-01  7.09158319e-01  1.56060467e-01  7.09158319e-01  1.84902171e+00 
 7.09176099e-01  1.23741814e+00  7.09176099e-01  9.03990799e-01  7.09176099e-01  1.33343862e-01  7.09176099e-01  1.11981554e+00 
 7.09211658e-01  1.22578113e+00  7.09211658e-01  9.04105126e-01  7.09211658e-01  1.34090531e-01  7.09211658e-01  1.14191154e+00 
 7.09282778e-01  1.20250712e+00  7.09282778e-01  9.04292730e-01  7.09282778e-01  1.35578795e-01  7.09282778e-01  1.18647409e+00 
 7.09373252e-01  1.17289912e+00  7.09373252e-01  9.04452492e-01  7.09373252e-01  1.37462190e-01  7.09373252e-01  1.24412738e+00 
 7.09554201e-01  1.11368311e+00  7.09554201e-01  9.04508376e-01  7.09554201e-01  1.41194909e-01  7.09554201e-01  1.36045938e+00 
 7.09916099e-01  9.95251107e-01  7.09916099e-01  9.03575518e-01  7.09916099e-01  1.48518350e-01  7.09916099e-01  1.59672997e+00 
 7.10279563e-01  8.76306647e-01  7.10279563e-01  9.01252613e-01  7.10279563e-01  1.55673951e-01  7.10279563e-01  1.84248066e+00 
 7.10496439e-01  8.05333452e-01  7.10496439e-01  8.99212859e-01  7.10496439e-01  1.59843949e-01  7.10496439e-01  1.97918151e+00 
 7.10690754e-01  7.41743642e-01  7.10690754e-01  8.96975136e-01  7.10690754e-01  1.63514234e-01  7.10690754e-01  2.08911997e+00 
 7.10793426e-01  7.08144051e-01  7.10793426e-01  8.95637278e-01  7.10793426e-01  1.65427833e-01  7.10793426e-01  2.14891513e+00 
 7.10964217e-01  6.52252197e-01  7.10964217e-01  8.93175433e-01  7.10964217e-01  1.68570722e-01  7.10964217e-01  2.23620905e+00 
 7.10989980e-01  6.43821158e-01  7.10989980e-01  8.92775182e-01  7.10989980e-01  1.69039820e-01  7.10989980e-01  2.24960817e+00 
 7.11041506e-01  6.26959081e-01  7.11041506e-01  8.91961349e-01  7.11041506e-01  1.69975669e-01  7.11041506e-01  2.27641282e+00 
 7.11054388e-01  6.22743562e-01  7.11054388e-01  8.91752894e-01  7.11054388e-01  1.70208750e-01  7.11054388e-01  2.28280070e+00 
 7.11080151e-01  6.14312523e-01  7.11080151e-01  8.91332659e-01  7.11080151e-01  1.70674322e-01  7.11080151e-01  2.29590478e+00 
 7.11086592e-01  6.12204763e-01  7.11086592e-01  8.91226354e-01  7.11086592e-01  1.70790493e-01  7.11086592e-01  2.29910110e+00 
 7.11099473e-01  6.07989244e-01  7.11099473e-01  8.91012912e-01  7.11099473e-01  1.71022688e-01  7.11099473e-01  2.30557770e+00 
 7.11108520e-01  6.05028784e-01  7.11108520e-01  8.90861483e-01  7.11108520e-01  1.59210885e-01  7.11108520e-01  1.95056686e+00 
 7.11126612e-01  5.99107863e-01  7.11126612e-01  8.90552923e-01  7.11126612e-01  1.35609034e-01  7.11126612e-01  1.18779129e+00 
 7.11162798e-01  5.87266023e-01  7.11162798e-01  8.89921691e-01  7.11162798e-01  1.36346597e-01  7.11162798e-01  1.21022094e+00 
 7.11235169e-01  5.63582341e-01  7.11235169e-01  8.88620204e-01  7.11235169e-01  1.37813941e-01  7.11235169e-01  1.25529623e+00 
 7.11326271e-01  5.33769283e-01  7.11326271e-01  8.86908114e-01  7.11326271e-01  1.39646190e-01  7.11326271e-01  1.31264789e+00 
 7.11508473e-01  4.74143167e-01  7.11508473e-01  8.83238542e-01  7.11508473e-01  1.43260439e-01  7.11508473e-01  1.42742424e+00 
 7.11872877e-01  3.54890935e-01  7.11872877e-01  8.74926974e-01  7.11872877e-01  1.50283728e-01  7.11872877e-01  1.65653980e+00 
 7.12224534e-01  2.39810299e-01  7.12224534e-01  8.65690246e-01  7.12224534e-01  1.56795856e-01  7.12224534e-01  1.87907131e+00 
 7.12453341e-01  1.64932675e-01  7.12453341e-01  8.59046799e-01  7.12453341e-01  1.60889526e-01  7.12453341e-01  2.01057701e+00 
 7.12633764e-01  1.05889062e-01  7.12633764e-01  8.53459845e-01  7.12633764e-01  1.64036118e-01  7.12633764e-01  2.10566394e+00 
 7.12768003e-01  6.19590868e-02  7.12768003e-01  8.49105190e-01  7.12768003e-01  1.66330068e-01  7.12768003e-01  2.17346636e+00 
 7.12882023e-01  2.46455166e-02  7.12882023e-01  8.45274631e-01  7.12882023e-01  1.68246563e-01  7.12882023e-01  2.22814874e+00 
 7.12910529e-01  1.53171240e-02  7.12910529e-01  8.44294385e-01  7.12910529e-01  1.68720146e-01  7.12910529e-01  2.24043087e+00 
 7.12967539e-01 -3.33966107e-03  7.12967539e-01  8.42318875e-01  7.12967539e-01  1.69663599e-01  7.12967539e-01  2.26757818e+00 
 7.12981792e-01 -8.00385735e-03  7.12981792e-01  8.41819369e-01  7.12981792e-01  1.69898067e-01  7.12981792e-01  2.27403538e+00 
 7.13010297e-01 -1.73322499e-02  7.13010297e-01  8.40816612e-01  7.13010297e-01  1.70366073e-01  7.13010297e-01  2.28727046e+00 
 7.13017423e-01 -1.96643480e-02  7.13017423e-01  8.40564518e-01  7.13017423e-01  1.70482724e-01  7.13017423e-01  2.29049579e+00 
 7.13031676e-01 -2.43285443e-02  7.13031676e-01  8.40059396e-01  7.13031676e-01  1.70715794e-01  7.13031676e-01  2.29702814e+00 
 7.13060181e-01 -3.36569369e-02  7.13060181e-01  8.39043541e-01  7.13060181e-01  1.71180531e-01  7.13060181e-01  2.30999440e+00 
 7.13067307e-01 -3.59890350e-02  7.13067307e-01  8.38786884e-01  7.13067307e-01  1.53151521e-01  7.13067307e-01  1.75386269e+00 
 7.13069498e-01 -3.67061502e-02  7.13069498e-01  8.38707880e-01  7.13069498e-01  1.47707263e-01  7.13069498e-01  1.57439265e+00 
 7.13072513e-01 -3.76928248e-02  7.13072513e-01  8.38598916e-01  7.13072513e-01  1.40534208e-01  7.13072513e-01  1.33990836e+00 
 7.13074091e-01 -3.82090378e-02  7.13074091e-01  8.38541788e-01  7.13074091e-01  1.36923424e-01  7.13074091e-01  1.22250319e+00 
 7.13075223e-01 -3.85796808e-02  7.13075223e-01  8.38500722e-01  7.13075223e-01  1.34388987e-01  7.13075223e-01  1.14752190e+00 
 7.13076164e-01 -3.88874032e-02  7.13076164e-01  8.38466596e-01  7.13076164e-01  1.32320938e-01  7.13076164e-01  1.08801466e+00 
 7.13078044e-01 -3.95028480e-02  7.13078044e-01  8.38398280e-01  7.13078044e-01  1.30287035e-01  7.13078044e-01  1.03031729e+00 
 7.13081806e-01 -4.07337374e-02  7.13081806e-01  8.38261514e-01  7.13081806e-01  1.30358646e-01  7.13081806e-01  1.03323737e+00 
 7.13089328e-01 -4.31955164e-02  7.13089328e-01  8.37987592e-01  7.13089328e-01  1.30501761e-01  7.13089328e-01  1.03730137e+00 
 7.13104373e-01 -4.81190743e-02  7.13104373e-01  8.37438199e-01  7.13104373e-01  1.30787564e-01  7.13104373e-01  1.04543675e+00 
 7.13134464e-01 -5.79661902e-02  7.13134464e-01  8.36333211e-01  7.13134464e-01  1.31357461e-01  7.13134464e-01  1.06173590e+00 
 7.13194644e-01 -7.76604219e-02  7.13194644e-01  8.34098472e-01  7.13194644e-01  1.32490404e-01  7.13194644e-01  1.09443943e+00 
 7.13315005e-01 -1.17048885e-01  7.13315005e-01  8.29530244e-01  7.13315005e-01  1.34728778e-01  7.13315005e-01  1.16019956e+00 
 7.13555728e-01 -1.95825812e-01  7.13555728e-01  8.20001179e-01  7.13555728e-01  1.39094651e-01  7.13555728e-01  1.29258413e+00 
 7.14037172e-01 -3.53379666e-01  7.14037172e-01  7.99391545e-01  7.14037172e-01  1.47376515e-01  7.14037172e-01  1.55642532e+00 
 7.14520378e-01 -5.11510060e-01  7.14520378e-01  7.76656556e-01  7.14520378e-01  1.55075770e-01  7.14520378e-01  1.82293389e+00 
 7.14862341e-01 -6.23418144e-01  7.14862341e-01  7.59346603e-01  7.14862341e-01  1.60147056e-01  7.14862341e-01  1.98565799e+00 
 7.15098876e-01 -7.00824746e-01  7.15098876e-01  7.46790008e-01  7.15098876e-01  1.63469279e-01  7.15098876e-01  2.08883525e+00 
 7.15295753e-01 -7.65253193e-01  7.15295753e-01  7.35978833e-01  7.15295753e-01  1.66117654e-01  7.15295753e-01  2.16674260e+00 
 7.15440840e-01 -8.12733345e-01  7.15440840e-01  7.27803967e-01  7.15440840e-01  1.68000982e-01  7.15440840e-01  2.22168503e+00 
 7.15477112e-01 -8.24603383e-01  7.15477112e-01  7.25727392e-01  7.15477112e-01  1.68460888e-01  7.15477112e-01  2.23295705e+00 
 7.15549656e-01 -8.48343459e-01  7.15549656e-01  7.21552433e-01  7.15549656e-01  1.69373390e-01  7.15549656e-01  2.25931078e+00 
 7.15694743e-01 -8.95823612e-01  7.15694743e-01  7.13072032e-01  7.15694743e-01  1.71154439e-01  7.15694743e-01  2.30990326e+00 
 7.15696465e-01 -8.96387168e-01  7.15696465e-01  7.12970320e-01  7.15696465e-01  1.71175222e-01  7.15696465e-01  2.30979972e+00 
 7.15699909e-01 -8.97514279e-01  7.15699909e-01  7.12766766e-01  7.15699909e-01  1.66449553e-01  7.15699909e-01  2.17887654e+00 
 7.15705956e-01 -8.99493069e-01  7.15705956e-01  7.12408538e-01  7.15705956e-01  1.50584602e-01  7.15705956e-01  1.66924455e+00 
 7.15708369e-01 -9.00282629e-01  7.15708369e-01  7.12265253e-01  7.15708369e-01  1.44692642e-01  7.15708369e-01  1.46176260e+00 
 7.15710663e-01 -9.01033518e-01  7.15710663e-01  7.12128812e-01  7.15710663e-01  1.39305371e-01  7.15710663e-01  1.29738117e+00 
 7.15711983e-01 -9.01465576e-01  7.15711983e-01  7.12050229e-01  7.15711983e-01  1.36298107e-01  7.15711983e-01  1.20238380e+00 
 7.15713218e-01 -9.01869647e-01  7.15713218e-01  7.11976688e-01  7.15713218e-01  1.33545032e-01  7.15713218e-01  1.12385567e+00 
 7.15715583e-01 -9.02643497e-01  7.15715583e-01  7.11835748e-01  7.15715583e-01  1.30953437e-01  7.15715583e-01  1.04880187e+00 
 7.15720312e-01 -9.04191197e-01  7.15720312e-01  7.11553668e-01  7.15720312e-01  1.31023301e-01  7.15720312e-01  1.05219955e+00 
 7.15729771e-01 -9.07286596e-01  7.15729771e-01  7.10988960e-01  7.15729771e-01  1.31162827e-01  7.15729771e-01  1.05620054e+00 
 7.15748688e-01 -9.13477395e-01  7.15748688e-01  7.09857352e-01  7.15748688e-01  1.31441075e-01  7.15748688e-01  1.06419756e+00 
 7.15786523e-01 -9.25858993e-01  7.15786523e-01  7.07585371e-01  7.15786523e-01  1.31994349e-01  7.15786523e-01  1.08017031e+00 
 7.15862194e-01 -9.50622188e-01  7.15862194e-01  7.03006419e-01  7.15862194e-01  1.33087999e-01  7.15862194e-01  1.11201956e+00 
 7.16013534e-01 -1.00014858e+00  7.16013534e-01  6.93709076e-01  7.16013534e-01  1.35223601e-01  7.16013534e-01  1.17524575e+00 
 7.16316214e-01 -1.09920136e+00  7.16316214e-01  6.74560788e-01  7.16316214e-01  1.39287196e-01  7.16316214e-01  1.29913212e+00 
 7.16666700e-01 -1.21389883e+00  7.16666700e-01  6.51475031e-01  7.16666700e-01  1.43645053e-01  7.16666700e-01  1.43919404e+00 
 7.16727236e-01 -1.21159728e+00  7.16727236e-01  6.47419246e-01  7.16727236e-01  1.44354319e-01  7.16727236e-01  1.46444047e+00 
 7.16848308e-01 -1.20699419e+00  7.16848308e-01  6.39339007e-01  7.16848308e-01  1.45750770e-01  7.16848308e-01  1.50998060e+00 
 7.17090452e-01 -1.19778800e+00  7.17090452e-01  6.23365372e-01  7.17090452e-01  1.48413018e-01  7.17090452e-01  1.59733472e+00 
 7.17574740e-01 -1.17937563e+00  7.17574740e-01  5.92154246e-01  7.17574740e-01  1.53232860e-01  7.17574740e-01  1.75654184e+00 
 7.18543317e-01 -1.14255088e+00  7.18543317e-01  5.32589602e-01  7.18543317e-01  1.60990916e-01  7.18543317e-01  2.01148451e+00 
 7.19369955e-01 -1.11112255e+00  7.19369955e-01  4.84671012e-01  7.19369955e-01  1.65776965e-01  7.19369955e-01  2.15420879e+00 
 7.20106668e-01 -1.08311311e+00  7.20106668e-01  4.44135531e-01  7.20106668e-01  1.68760707e-01  7.20106668e-01  2.24170311e+00 
 7.20958976e-01 -1.05070883e+00  7.20958976e-01  3.99688981e-01  7.20958976e-01  1.70857487e-01  7.20958976e-01  2.30189626e+00 
 7.21058231e-01 -1.04693523e+00  7.21058231e-01  3.94697335e-01  7.21058231e-01  1.71003524e-01  7.21058231e-01  2.30503318e+00 
 7.21083044e-01 -1.04599182e+00  7.21083044e-01  3.93451553e-01  7.21083044e-01  1.71038943e-01  7.21083044e-01  2.30601752e+00 
 7.21132672e-01 -1.04410502e+00  7.21132672e-01  3.90964239e-01  7.21132672e-01  1.71107607e-01  7.21132672e-01  2.30792524e+00 
 7.21145078e-01 -1.04363332e+00  7.21145078e-01  3.90344005e-01  7.21145078e-01  1.71123959e-01  7.21145078e-01  2.30837796e+00 
 7.21169892e-01 -1.04268992e+00  7.21169892e-01  3.89104596e-01  7.21169892e-01  1.71156123e-01  7.21169892e-01  2.30927039e+00 
 7.21176095e-01 -1.04245407e+00  7.21176095e-01  3.88795141e-01  7.21176095e-01  1.71163962e-01  7.21176095e-01  2.30948753e+00 
 7.21188502e-01 -1.04198237e+00  7.21188502e-01  3.88176496e-01  7.21188502e-01  1.71179505e-01  7.21188502e-01  2.30991852e+00 
 7.21197833e-01 -1.04162762e+00  7.21197833e-01  3.87711007e-01  7.21197833e-01  1.58866731e-01  7.21197833e-01  1.93957302e+00 
 7.21216495e-01 -1.04091812e+00  7.21216495e-01  3.86777481e-01  7.21216495e-01  1.34264286e-01  7.21216495e-01  1.14721240e+00 
 7.21253818e-01 -1.03949911e+00  7.21253818e-01  3.84909452e-01  7.21253818e-01  1.34401711e-01  7.21253818e-01  1.15132632e+00 
 7.21328464e-01 -1.03666110e+00  7.21328464e-01  3.81187882e-01  7.21328464e-01  1.34668575e-01  7.21328464e-01  1.15933190e+00 
 7.21420022e-01 -1.03318011e+00  7.21420022e-01  3.76649446e-01  7.21420022e-01  1.34981482e-01  7.21420022e-01  1.16875759e+00 
 7.21603138e-01 -1.02621814e+00  7.21603138e-01  3.67658939e-01  7.21603138e-01  1.35560427e-01  7.21603138e-01  1.18625510e+00 
 7.21969371e-01 -1.01229418e+00  7.21969371e-01  3.50019565e-01  7.21969371e-01  1.36536315e-01  7.21969371e-01  1.21597458e+00 
 7.22701836e-01 -9.84446262e-01  7.22701836e-01  3.16077568e-01  7.22701836e-01  1.37802295e-01  7.22701836e-01  1.25502312e+00 
 7.23850918e-01 -9.40758784e-01  7.23850918e-01  2.66293394e-01  7.23850918e-01  1.38122600e-01  7.23850918e-01  1.26524050e+00 
 7.25000000e-01 -8.97071305e-01  7.25000000e-01  2.20554222e-01  7.25000000e-01  1.36658412e-01  7.25000000e-01  1.21956460e+00 
 7.25229816e-01 -8.41323921e-01  7.25229816e-01  2.12307796e-01  7.25229816e-01  1.36146741e-01  7.25229816e-01  1.20414958e+00 
 7.25689449e-01 -7.29829152e-01  7.25689449e-01  1.96820701e-01  7.25689449e-01  1.35022415e-01  7.25689449e-01  1.16979779e+00 
 7.26608715e-01 -5.06839615e-01  7.26608715e-01  1.71760966e-01  7.26608715e-01  1.32274173e-01  7.26608715e-01  1.08699396e+00 
 7.28447247e-01 -6.08605404e-02  7.28447247e-01  1.44152903e-01  7.28447247e-01  1.25746512e-01  7.28447247e-01  9.07013895e-01 
 7.30890273e-01  5.31753082e-01  7.30890273e-01  1.50690277e-01  7.30890273e-01  1.17451885e-01  7.30890273e-01  7.05676258e-01 
 7.33333300e-01  1.12436670e+00  7.33333300e-01  2.02251057e-01  7.33333300e-01  1.12618633e-01  7.33333300e-01  5.98421832e-01 
 7.33821905e-01  9.77045181e-01  7.33821905e-01  2.14178241e-01  7.33821905e-01  1.12355588e-01  7.33821905e-01  5.99149058e-01 
 7.34799116e-01  6.82402135e-01  7.34799116e-01  2.32837680e-01  7.34799116e-01  1.12140582e-01  7.34799116e-01  5.94948986e-01 
 7.36753537e-01  9.31160428e-02  7.36753537e-01  2.40261099e-01  7.36753537e-01  1.12547377e-01  7.36753537e-01  6.02896203e-01 
 7.39210119e-01 -6.47578464e-01  7.39210119e-01  1.97037712e-01  7.39210119e-01  1.11635340e-01  7.39210119e-01  5.84960335e-01 
 7.41666700e-01 -1.38827297e+00  7.41666700e-01  1.00514423e-01  7.41666700e-01  1.05585947e-01  7.41666700e-01  4.77602942e-01 
 7.42158016e-01 -1.19877391e+00  7.42158016e-01  7.96932682e-02  7.42158016e-01  1.03418986e-01  7.42158016e-01  4.42196502e-01 
 7.43140649e-01 -8.19775790e-01  7.43140649e-01  4.49737751e-02  7.43140649e-01  9.86757034e-02  7.43140649e-01  3.75383037e-01 
 7.45105914e-01 -6.17795473e-02  7.45105914e-01  1.53650878e-02  7.45105914e-01  8.81100480e-02  7.45105914e-01  2.56035941e-01 
 7.47552957e-01  8.82036908e-01  7.47552957e-01  4.75039232e-02  7.47552957e-01  7.68797486e-02  7.47552957e-01  1.68104153e-01 
 7.50000000e-01  1.82585336e+00  7.50000000e-01  1.49333268e-01  7.50000000e-01  7.24246299e-02  7.50000000e-01  1.41844126e-01 
 7.50489409e-01  1.66688355e+00  7.50489409e-01  1.73209168e-01  7.50489409e-01  7.28151472e-02  7.50489409e-01  1.43964592e-01 
 7.51468226e-01  1.34894393e+00  7.51468226e-01  2.14897037e-01  7.51468226e-01  7.42289793e-02  7.51468226e-01  1.51767064e-01 
 7.53425860e-01  7.13064676e-01  7.53425860e-01  2.63393022e-01  7.53425860e-01  7.95487136e-02  7.53425860e-01  1.85976346e-01 
 7.55879580e-01 -8.39531233e-02  7.55879580e-01  2.63171201e-01  7.55879580e-01  8.71107631e-02  7.55879580e-01  2.46753817e-01 
 7.58333300e-01 -8.80970923e-01  7.58333300e-01  2.01209122e-01  7.58333300e-01  9.11566270e-02  7.58333300e-01  2.83701145e-01 
 7.58824044e-01 -7.49918431e-01  7.58824044e-01  1.85445488e-01  7.58824044e-01  9.11340635e-02  7.58824044e-01  2.86102876e-01 
 7.59805532e-01 -4.87813447e-01  7.59805532e-01  1.58770735e-01  7.59805532e-01  9.06682095e-02  7.59805532e-01  2.81233886e-01 
 7.61768508e-01  3.63965215e-02  7.61768508e-01  1.33334328e-01  7.61768508e-01  8.82266166e-02  7.61768508e-01  2.56142613e-01 
 7.64217604e-01  6.90424226e-01  7.64217604e-01  1.50087123e-01  7.64217604e-01  8.52770454e-02  7.64217604e-01  2.29165258e-01 
 7.66666700e-01  1.34445193e+00  7.66666700e-01  2.15826520e-01  7.66666700e-01  8.58901705e-02  7.66666700e-01  2.35780253e-01 
 7.67156519e-01  1.30652359e+00  7.67156519e-01  2.32645598e-01  7.67156519e-01  8.67839044e-02  7.67156519e-01  2.43664512e-01 
 7.68136158e-01  1.23066690e+00  7.68136158e-01  2.64382513e-01  7.68136158e-01  8.90148776e-02  7.68136158e-01  2.63933453e-01 
 7.70095435e-01  1.07895353e+00  7.70095435e-01  3.16933740e-01  7.70095435e-01  9.56366038e-02  7.70095435e-01  3.36799974e-01 
 7.72547717e-01  8.89065068e-01  7.72547717e-01  3.63684891e-01  7.72547717e-01  1.06516740e-01  7.72547717e-01  4.93013413e-01 
 7.75000000e-01  6.99176605e-01  7.75000000e-01  3.91246156e-01  7.75000000e-01  1.18517057e-01  7.75000000e-01  7.29601508e-01 
 7.75490457e-01  7.47190494e-01  7.75490457e-01  3.95646047e-01  7.75490457e-01  1.20932307e-01  7.75490457e-01  7.84504292e-01 
 7.76471370e-01  8.43218273e-01  7.76471370e-01  4.05823161e-01  7.76471370e-01  1.25767151e-01  7.76471370e-01  9.01779583e-01 
 7.78433196e-01  1.03527383e+00  7.78433196e-01  4.34106952e-01  7.78433196e-01  1.35704250e-01  7.78433196e-01  1.19068842e+00 
 7.80883248e-01  1.27512490e+00  7.80883248e-01  4.83244570e-01  7.80883248e-01  1.49305379e-01  7.80883248e-01  1.62707898e+00 
 7.81699704e-01  1.35505296e+00  7.81699704e-01  5.02830651e-01  7.81699704e-01  1.54255491e-01  7.81699704e-01  1.80632091e+00 
 7.82516502e-01  1.43501447e+00  7.82516502e-01  5.23923197e-01  7.82516502e-01  1.59477567e-01  7.82516502e-01  1.96117932e+00 
 7.83333300e-01  1.51497598e+00  7.83333300e-01  5.46464478e-01  7.83333300e-01  1.64993962e-01  7.83333300e-01  2.13472088e+00 
 7.83496660e-01  1.45012244e+00  7.83496660e-01  5.50733664e-01  7.83496660e-01  1.66138297e-01  7.83496660e-01  2.16504426e+00 
 7.83823379e-01  1.32041537e+00  7.83823379e-01  5.58514426e-01  7.83823379e-01  1.68443601e-01  7.83823379e-01  2.23347882e+00 
 7.83887467e-01  1.29497253e+00  7.83887467e-01  5.59834335e-01  7.83887467e-01  1.68899886e-01  7.83887467e-01  2.24559610e+00 
 7.84015643e-01  1.24408684e+00  7.84015643e-01  5.62359021e-01  7.84015643e-01  1.69813845e-01  7.84015643e-01  2.27182689e+00 
 7.84047687e-01  1.23136542e+00  7.84047687e-01  5.62947079e-01  7.84047687e-01  1.70042809e-01  7.84047687e-01  2.27812415e+00 
 7.84111775e-01  1.20592258e+00  7.84111775e-01  5.64094571e-01  7.84111775e-01  1.70500960e-01  7.84111775e-01  2.29105212e+00 
 7.84127797e-01  1.19956186e+00  7.84127797e-01  5.64370718e-01  7.84127797e-01  1.70615575e-01  7.84127797e-01  2.29421543e+00 
 7.84159841e-01  1.18684044e+00  7.84159841e-01  5.64915876e-01  7.84159841e-01  1.70844846e-01  7.84159841e-01  2.30062803e+00 
 7.84167852e-01  1.18366009e+00  7.84167852e-01  5.65049490e-01  7.84167852e-01  1.70902178e-01  7.84167852e-01  2.30221359e+00 
 7.84183874e-01  1.17729938e+00  7.84183874e-01  5.65314938e-01  7.84183874e-01  1.71016851e-01  7.84183874e-01  2.30540650e+00 
 7.84189268e-01  1.17515770e+00  7.84189268e-01  5.65403513e-01  7.84189268e-01  1.71055465e-01  7.84189268e-01  2.30647649e+00 
 7.84200058e-01  1.17087433e+00  7.84200058e-01  5.65579454e-01  7.84200058e-01  1.71132698e-01  7.84200058e-01  2.30862175e+00 
 7.84211376e-01  1.16638110e+00  7.84211376e-01  5.65761447e-01  7.84211376e-01  1.56489382e-01  7.84211376e-01  1.86295521e+00 
 7.84229272e-01  1.15927612e+00  7.84229272e-01  5.66042207e-01  7.84229272e-01  1.33357671e-01  7.84229272e-01  1.12022421e+00 
 7.84265066e-01  1.14506616e+00  7.84265066e-01  5.66586294e-01  7.84265066e-01  1.33706745e-01  7.84265066e-01  1.13055611e+00 
 7.84336653e-01  1.11664623e+00  7.84336653e-01  5.67621532e-01  7.84336653e-01  1.34404217e-01  7.84336653e-01  1.15131480e+00 
 7.84426906e-01  1.08081582e+00  7.84426906e-01  5.68826391e-01  7.84426906e-01  1.35282066e-01  7.84426906e-01  1.17772872e+00 
 7.84607413e-01  1.00915501e+00  7.84607413e-01  5.70902268e-01  7.84607413e-01  1.37031432e-01  7.84607413e-01  1.23086878e+00 
 7.84968425e-01  8.65833382e-01  7.84968425e-01  5.73731541e-01  7.84968425e-01  1.40495374e-01  7.84968425e-01  1.33833495e+00 
 7.85690451e-01  5.79190126e-01  7.85690451e-01  5.74201137e-01  7.85690451e-01  1.47211814e-01  7.85690451e-01  1.55389396e+00 
 7.86830031e-01  1.26778547e-01  7.86830031e-01  5.61305918e-01  7.86830031e-01  1.56936292e-01  7.86830031e-01  1.87802852e+00 
 7.87476775e-01 -1.29977995e-01  7.87476775e-01  5.46774949e-01  7.87476775e-01  1.61836422e-01  7.87476775e-01  2.03685952e+00 
 7.87999725e-01 -3.37588432e-01  7.87999725e-01  5.31339658e-01  7.87999725e-01  1.65386448e-01  7.87999725e-01  2.14415850e+00 
 7.88390785e-01 -4.92838909e-01  7.88390785e-01  5.17690223e-01  7.88390785e-01  1.67772272e-01  7.88390785e-01  2.21425762e+00 
 7.88475726e-01 -5.26560021e-01  7.88475726e-01  5.14448716e-01  7.88475726e-01  1.68252273e-01  7.88475726e-01  2.22692324e+00 
 7.88645606e-01 -5.94002244e-01  7.88645606e-01  5.07800019e-01  7.88645606e-01  1.69188019e-01  7.88645606e-01  2.25402766e+00 
 7.88985366e-01 -7.28886691e-01  7.88985366e-01  4.93515528e-01  7.88985366e-01  1.70910120e-01  7.88985366e-01  2.30306632e+00 
 7.89033173e-01 -7.47865738e-01  7.89033173e-01  4.91387621e-01  7.89033173e-01  1.71134112e-01  7.89033173e-01  2.30865966e+00 
 7.89038100e-01 -7.49821756e-01  7.89038100e-01  4.91167404e-01  7.89038100e-01  1.58196862e-01  7.89038100e-01  1.91809899e+00 
 7.89040579e-01 -7.50806213e-01  7.89040579e-01  4.91056455e-01  7.89040579e-01  1.51817686e-01  7.89040579e-01  1.70995724e+00 
 7.89044260e-01 -7.52267390e-01  7.89044260e-01  4.90891369e-01  7.89044260e-01  1.42821956e-01  7.89044260e-01  1.41369541e+00 
 7.89046055e-01 -7.52980241e-01  7.89046055e-01  4.90810656e-01  7.89046055e-01  1.38631014e-01  7.89046055e-01  1.27415724e+00 
 7.89047384e-01 -7.53507647e-01  7.89047384e-01  4.90750869e-01  7.89047384e-01  1.35610334e-01  7.89047384e-01  1.18377448e+00 
 7.89048379e-01 -7.53902806e-01  7.89048379e-01  4.90706034e-01  7.89048379e-01  1.33390642e-01  7.89048379e-01  1.11846867e+00 
 7.89049208e-01 -7.54231718e-01  7.89049208e-01  4.90668690e-01  7.89049208e-01  1.31571016e-01  7.89049208e-01  1.06660830e+00 
 7.89050865e-01 -7.54889544e-01  7.89050865e-01  4.90593950e-01  7.89050865e-01  1.29770181e-01  7.89050865e-01  1.01591257e+00 
 7.89054179e-01 -7.56205194e-01  7.89054179e-01  4.90444346e-01  7.89054179e-01  1.29794976e-01  7.89054179e-01  1.01730406e+00 
 7.89060807e-01 -7.58836496e-01  7.89060807e-01  4.90144771e-01  7.89060807e-01  1.29844502e-01  7.89060807e-01  1.01869822e+00 
 7.89074063e-01 -7.64099098e-01  7.89074063e-01  4.89544144e-01  7.89074063e-01  1.29943286e-01  7.89074063e-01  1.02148142e+00 
 7.89100575e-01 -7.74624304e-01  7.89100575e-01  4.88336992e-01  7.89100575e-01  1.30139788e-01  7.89100575e-01  1.02702720e+00 
 7.89153599e-01 -7.95674714e-01  7.89153599e-01  4.85899125e-01  7.89153599e-01  1.30528512e-01  7.89153599e-01  1.03803478e+00 
 7.89259646e-01 -8.37775536e-01  7.89259646e-01  4.80929405e-01  7.89259646e-01  1.31288703e-01  7.89259646e-01  1.05970279e+00 
 7.89471742e-01 -9.21977178e-01  7.89471742e-01  4.70616070e-01  7.89471742e-01  1.32739043e-01  7.89471742e-01  1.10156179e+00 
 7.89895933e-01 -1.09038046e+00  7.89895933e-01  4.48510099e-01  7.89895933e-01  1.35351638e-01  7.89895933e-01  1.17869265e+00 
 7.90744315e-01 -1.42718703e+00  7.90744315e-01  3.98508205e-01  7.90744315e-01  1.39365176e-01  7.90744315e-01  1.30167418e+00 
 7.91666700e-01 -1.79337259e+00  7.91666700e-01  3.35623324e-01  7.91666700e-01  1.41790471e-01  7.91666700e-01  1.38076950e+00 
 7.91836376e-01 -1.78233205e+00  7.91836376e-01  3.23405675e-01  7.91836376e-01  1.41973495e-01  7.91836376e-01  1.38737392e+00 
 7.92175729e-01 -1.76025097e+00  7.92175729e-01  2.99273087e-01  7.92175729e-01  1.42200422e-01  7.92175729e-01  1.39467627e+00 
 7.92854435e-01 -1.71608881e+00  7.92854435e-01  2.52795195e-01  7.92854435e-01  1.41858219e-01  7.92854435e-01  1.38365920e+00 
 7.94211846e-01 -1.62776448e+00  7.94211846e-01  1.66709388e-01  7.94211846e-01  1.38353184e-01  7.94211846e-01  1.27101839e+00 
 7.96926669e-01 -1.45111583e+00  7.96926669e-01  1.99611059e-02  7.96926669e-01  1.22594859e-01  7.96926669e-01  8.26490012e-01 
 8.00000000e-01 -1.25113971e+00  8.00000000e-01 -1.09167964e-01  8.00000000e-01  9.51600356e-02  8.00000000e-01  3.31078486e-01 
 8.00542965e-01 -1.29572833e+00  8.00542965e-01 -1.29095724e-01  8.00542965e-01  8.95027718e-02  8.00542965e-01  2.69506282e-01 
 8.01628894e-01 -1.38490557e+00  8.01628894e-01 -1.69673593e-01  8.01628894e-01  7.78848861e-02  8.01628894e-01  1.74635615e-01 
 8.03800752e-01 -1.56326005e+00  8.03800752e-01 -2.54987668e-01  8.03800752e-01  5.28145769e-02  8.03800752e-01  6.62854131e-02 
 8.06067026e-01 -1.74936801e+00  8.06067026e-01 -3.49554371e-01  8.06067026e-01  2.40301152e-02  8.06067026e-01  2.12513775e-02 
 8.08333300e-01 -1.93547597e+00  8.08333300e-01 -4.49320530e-01  8.08333300e-01 -7.42975768e-03  8.08333300e-01  6.06568611e-03 
 8.08786555e-01 -1.78661042e+00  8.08786555e-01 -4.67200906e-01  8.08786555e-01 -1.40531980e-02  8.08786555e-01  4.65591265e-03 
 8.09693064e-01 -1.48887934e+00  8.09693064e-01 -4.97920308e-01  8.09693064e-01 -2.73522973e-02  8.09693064e-01  2.73670928e-03 
 8.11506084e-01 -8.93417167e-01  8.11506084e-01 -5.30249655e-01  8.11506084e-01 -5.34172405e-02  8.11506084e-01  9.65311498e-04 
 8.14086392e-01 -4.59490655e-02  8.14086392e-01 -5.14062349e-01  8.14086392e-01 -8.60339318e-02  8.14086392e-01  2.61908809e-04 
 8.16666700e-01  8.01519036e-01  8.16666700e-01 -4.31242201e-01  8.16666700e-01 -1.09452680e-01  8.16666700e-01  1.02646877e-04 
 8.17182762e-01  6.77263839e-01  8.17182762e-01 -4.10982059e-01  8.17182762e-01 -1.12553312e-01  8.17182762e-01  8.99164658e-05 
 8.18214885e-01  4.28753446e-01  8.18214885e-01 -3.75556744e-01  8.18214885e-01 -1.17954712e-01  8.18214885e-01  7.30557190e-05 
 8.20279131e-01 -6.82673412e-02  8.20279131e-01 -3.33932203e-01  8.20279131e-01 -1.25213758e-01  8.20279131e-01  5.46454606e-05 
 8.22639566e-01 -6.36602979e-01  8.22639566e-01 -3.30692068e-01  8.22639566e-01 -1.30719877e-01  8.22639566e-01  4.26102838e-05 
 8.25000000e-01 -1.20493862e+00  8.25000000e-01 -3.70438170e-01  8.25000000e-01 -1.36733144e-01  8.25000000e-01  3.32978729e-05 
 8.25472087e-01 -1.20493862e+00  8.25472087e-01 -3.82232820e-01  8.25472087e-01 -1.38287009e-01  8.25472087e-01  3.23277936e-05 
 8.26416261e-01 -1.20493862e+00  8.26416261e-01 -4.05364785e-01  8.26416261e-01 -1.41650254e-01  8.26416261e-01  2.80352334e-05 
 8.28304608e-01 -1.20493862e+00  8.28304608e-01 -4.49004918e-01  8.28304608e-01 -1.49739337e-01  8.28304608e-01  2.04882864e-05 
 8.30818954e-01 -1.20493862e+00  8.30818954e-01 -5.02107022e-01  8.30818954e-01 -1.62751332e-01  8.30818954e-01  1.21748950e-05 
 8.33333300e-01 -1.20493862e+00  8.33333300e-01 -5.50054507e-01  8.33333300e-01 -1.77604113e-01  8.33333300e-01  6.72119830e-06 
